Sequence name:,2000ppm_detectability_350C_2024-04-30 11-06-45-04-00
Description:,
Acquisition date:,2024-04-30 11:06:46-04:00
Acquired by:,SYSTEM (SYSTEM)
Data path:,C:\CDSProjects\HYPERION\Results\calibrations\2000ppm_detectability_350C_2024-04-30 11-06-45-04-00.rslt
Approved by:,
Signature:,
Date:,

Sequence Table:,Bracketing Mode:,None
Seq. Line:,1
Location:,Sample name:,sweep_hydrogen,
Sample info:,"Dry run 03-04-2024 500C, 50psi upstream, 20sccm flow Hopefully doing the whole experiment now, starting with baking and ending with baking."
Acq. Method:,calibration_method_iter7.amx,Data file:,sweep_hydrogen001-2024-04-30 11-06-53-04-00-r001.dx
Injection #:,1 of 300,Inj. volume:,0.000 
Proc. Method:,calibration_iter4.pmx,Sample amount:,0.000
Sample type:,Sample,Dilution:,1
Calibration level:,,Multiplier:,1

Seq. Line:,1
Location:,Sample name:,sweep_hydrogen,
Sample info:,"Dry run 03-04-2024 500C, 50psi upstream, 20sccm flow Hopefully doing the whole experiment now, starting with baking and ending with baking."
Acq. Method:,calibration_method_iter7.amx,Data file:,sweep_hydrogen001-2024-04-30 11-09-52-04-00-r002.dx
Injection #:,2 of 300,Inj. volume:,0.000 
Proc. Method:,calibration_iter4.pmx,Sample amount:,0.000
Sample type:,Sample,Dilution:,1
Calibration level:,,Multiplier:,1

Seq. Line:,1
Location:,Sample name:,sweep_hydrogen,
Sample info:,"Dry run 03-04-2024 500C, 50psi upstream, 20sccm flow Hopefully doing the whole experiment now, starting with baking and ending with baking."
Acq. Method:,calibration_method_iter7.amx,Data file:,sweep_hydrogen001-2024-04-30 11-12-45-04-00-r003.dx
Injection #:,3 of 300,Inj. volume:,0.000 
Proc. Method:,calibration_iter4.pmx,Sample amount:,0.000
Sample type:,Sample,Dilution:,1
Calibration level:,,Multiplier:,1

Seq. Line:,1
Location:,Sample name:,sweep_hydrogen,
Sample info:,"Dry run 03-04-2024 500C, 50psi upstream, 20sccm flow Hopefully doing the whole experiment now, starting with baking and ending with baking."
Acq. Method:,calibration_method_iter7.amx,Data file:,sweep_hydrogen001-2024-04-30 11-15-41-04-00-r004.dx
Injection #:,4 of 300,Inj. volume:,0.000 
Proc. Method:,calibration_iter4.pmx,Sample amount:,0.000
Sample type:,Sample,Dilution:,1
Calibration level:,,Multiplier:,1

Seq. Line:,1
Location:,Sample name:,sweep_hydrogen,
Sample info:,"Dry run 03-04-2024 500C, 50psi upstream, 20sccm flow Hopefully doing the whole experiment now, starting with baking and ending with baking."
Acq. Method:,calibration_method_iter7.amx,Data file:,sweep_hydrogen001-2024-04-30 11-18-35-04-00-r005.dx
Injection #:,5 of 300,Inj. volume:,0.000 
Proc. Method:,calibration_iter4.pmx,Sample amount:,0.000
Sample type:,Sample,Dilution:,1
Calibration level:,,Multiplier:,1

Seq. Line:,1
Location:,Sample name:,sweep_hydrogen,
Sample info:,"Dry run 03-04-2024 500C, 50psi upstream, 20sccm flow Hopefully doing the whole experiment now, starting with baking and ending with baking."
Acq. Method:,calibration_method_iter7.amx,Data file:,sweep_hydrogen001-2024-04-30 11-21-30-04-00-r006.dx
Injection #:,6 of 300,Inj. volume:,0.000 
Proc. Method:,calibration_iter4.pmx,Sample amount:,0.000
Sample type:,Sample,Dilution:,1
Calibration level:,,Multiplier:,1

Seq. Line:,1
Location:,Sample name:,sweep_hydrogen,
Sample info:,"Dry run 03-04-2024 500C, 50psi upstream, 20sccm flow Hopefully doing the whole experiment now, starting with baking and ending with baking."
Acq. Method:,calibration_method_iter7.amx,Data file:,sweep_hydrogen001-2024-04-30 11-24-23-04-00-r007.dx
Injection #:,7 of 300,Inj. volume:,0.000 
Proc. Method:,calibration_iter4.pmx,Sample amount:,0.000
Sample type:,Sample,Dilution:,1
Calibration level:,,Multiplier:,1

Seq. Line:,1
Location:,Sample name:,sweep_hydrogen,
Sample info:,"Dry run 03-04-2024 500C, 50psi upstream, 20sccm flow Hopefully doing the whole experiment now, starting with baking and ending with baking."
Acq. Method:,calibration_method_iter7.amx,Data file:,sweep_hydrogen001-2024-04-30 11-27-19-04-00-r008.dx
Injection #:,8 of 300,Inj. volume:,0.000 
Proc. Method:,calibration_iter4.pmx,Sample amount:,0.000
Sample type:,Sample,Dilution:,1
Calibration level:,,Multiplier:,1

Seq. Line:,1
Location:,Sample name:,sweep_hydrogen,
Sample info:,"Dry run 03-04-2024 500C, 50psi upstream, 20sccm flow Hopefully doing the whole experiment now, starting with baking and ending with baking."
Acq. Method:,calibration_method_iter7.amx,Data file:,sweep_hydrogen001-2024-04-30 11-30-13-04-00-r009.dx
Injection #:,9 of 300,Inj. volume:,0.000 
Proc. Method:,calibration_iter4.pmx,Sample amount:,0.000
Sample type:,Sample,Dilution:,1
Calibration level:,,Multiplier:,1

Seq. Line:,1
Location:,Sample name:,sweep_hydrogen,
Sample info:,"Dry run 03-04-2024 500C, 50psi upstream, 20sccm flow Hopefully doing the whole experiment now, starting with baking and ending with baking."
Acq. Method:,calibration_method_iter7.amx,Data file:,sweep_hydrogen001-2024-04-30 11-33-07-04-00-r010.dx
Injection #:,10 of 300,Inj. volume:,0.000 
Proc. Method:,calibration_iter4.pmx,Sample amount:,0.000
Sample type:,Sample,Dilution:,1
Calibration level:,,Multiplier:,1

Seq. Line:,1
Location:,Sample name:,sweep_hydrogen,
Sample info:,"Dry run 03-04-2024 500C, 50psi upstream, 20sccm flow Hopefully doing the whole experiment now, starting with baking and ending with baking."
Acq. Method:,calibration_method_iter7.amx,Data file:,sweep_hydrogen001-2024-04-30 11-36-02-04-00-r011.dx
Injection #:,11 of 300,Inj. volume:,0.000 
Proc. Method:,calibration_iter4.pmx,Sample amount:,0.000
Sample type:,Sample,Dilution:,1
Calibration level:,,Multiplier:,1

Seq. Line:,1
Location:,Sample name:,sweep_hydrogen,
Sample info:,"Dry run 03-04-2024 500C, 50psi upstream, 20sccm flow Hopefully doing the whole experiment now, starting with baking and ending with baking."
Acq. Method:,calibration_method_iter7.amx,Data file:,sweep_hydrogen001-2024-04-30 11-38-57-04-00-r012.dx
Injection #:,12 of 300,Inj. volume:,0.000 
Proc. Method:,calibration_iter4.pmx,Sample amount:,0.000
Sample type:,Sample,Dilution:,1
Calibration level:,,Multiplier:,1

Seq. Line:,1
Location:,Sample name:,sweep_hydrogen,
Sample info:,"Dry run 03-04-2024 500C, 50psi upstream, 20sccm flow Hopefully doing the whole experiment now, starting with baking and ending with baking."
Acq. Method:,calibration_method_iter7.amx,Data file:,sweep_hydrogen001-2024-04-30 11-41-51-04-00-r013.dx
Injection #:,13 of 300,Inj. volume:,0.000 
Proc. Method:,calibration_iter4.pmx,Sample amount:,0.000
Sample type:,Sample,Dilution:,1
Calibration level:,,Multiplier:,1

Seq. Line:,1
Location:,Sample name:,sweep_hydrogen,
Sample info:,"Dry run 03-04-2024 500C, 50psi upstream, 20sccm flow Hopefully doing the whole experiment now, starting with baking and ending with baking."
Acq. Method:,calibration_method_iter7.amx,Data file:,sweep_hydrogen001-2024-04-30 11-44-46-04-00-r014.dx
Injection #:,14 of 300,Inj. volume:,0.000 
Proc. Method:,calibration_iter4.pmx,Sample amount:,0.000
Sample type:,Sample,Dilution:,1
Calibration level:,,Multiplier:,1

Seq. Line:,1
Location:,Sample name:,sweep_hydrogen,
Sample info:,"Dry run 03-04-2024 500C, 50psi upstream, 20sccm flow Hopefully doing the whole experiment now, starting with baking and ending with baking."
Acq. Method:,calibration_method_iter7.amx,Data file:,sweep_hydrogen001-2024-04-30 11-47-43-04-00-r015.dx
Injection #:,15 of 300,Inj. volume:,0.000 
Proc. Method:,calibration_iter4.pmx,Sample amount:,0.000
Sample type:,Sample,Dilution:,1
Calibration level:,,Multiplier:,1

Seq. Line:,1
Location:,Sample name:,sweep_hydrogen,
Sample info:,"Dry run 03-04-2024 500C, 50psi upstream, 20sccm flow Hopefully doing the whole experiment now, starting with baking and ending with baking."
Acq. Method:,calibration_method_iter7.amx,Data file:,sweep_hydrogen001-2024-04-30 11-50-41-04-00-r016.dx
Injection #:,16 of 300,Inj. volume:,0.000 
Proc. Method:,calibration_iter4.pmx,Sample amount:,0.000
Sample type:,Sample,Dilution:,1
Calibration level:,,Multiplier:,1

Seq. Line:,1
Location:,Sample name:,sweep_hydrogen,
Sample info:,"Dry run 03-04-2024 500C, 50psi upstream, 20sccm flow Hopefully doing the whole experiment now, starting with baking and ending with baking."
Acq. Method:,calibration_method_iter7.amx,Data file:,sweep_hydrogen001-2024-04-30 11-53-36-04-00-r017.dx
Injection #:,17 of 300,Inj. volume:,0.000 
Proc. Method:,calibration_iter4.pmx,Sample amount:,0.000
Sample type:,Sample,Dilution:,1
Calibration level:,,Multiplier:,1

Seq. Line:,1
Location:,Sample name:,sweep_hydrogen,
Sample info:,"Dry run 03-04-2024 500C, 50psi upstream, 20sccm flow Hopefully doing the whole experiment now, starting with baking and ending with baking."
Acq. Method:,calibration_method_iter7.amx,Data file:,sweep_hydrogen001-2024-04-30 11-56-29-04-00-r018.dx
Injection #:,18 of 300,Inj. volume:,0.000 
Proc. Method:,calibration_iter4.pmx,Sample amount:,0.000
Sample type:,Sample,Dilution:,1
Calibration level:,,Multiplier:,1

Seq. Line:,1
Location:,Sample name:,sweep_hydrogen,
Sample info:,"Dry run 03-04-2024 500C, 50psi upstream, 20sccm flow Hopefully doing the whole experiment now, starting with baking and ending with baking."
Acq. Method:,calibration_method_iter7.amx,Data file:,sweep_hydrogen001-2024-04-30 11-59-24-04-00-r019.dx
Injection #:,19 of 300,Inj. volume:,0.000 
Proc. Method:,calibration_iter4.pmx,Sample amount:,0.000
Sample type:,Sample,Dilution:,1
Calibration level:,,Multiplier:,1

Seq. Line:,1
Location:,Sample name:,sweep_hydrogen,
Sample info:,"Dry run 03-04-2024 500C, 50psi upstream, 20sccm flow Hopefully doing the whole experiment now, starting with baking and ending with baking."
Acq. Method:,calibration_method_iter7.amx,Data file:,sweep_hydrogen001-2024-04-30 12-02-18-04-00-r020.dx
Injection #:,20 of 300,Inj. volume:,0.000 
Proc. Method:,calibration_iter4.pmx,Sample amount:,0.000
Sample type:,Sample,Dilution:,1
Calibration level:,,Multiplier:,1

Seq. Line:,1
Location:,Sample name:,sweep_hydrogen,
Sample info:,"Dry run 03-04-2024 500C, 50psi upstream, 20sccm flow Hopefully doing the whole experiment now, starting with baking and ending with baking."
Acq. Method:,calibration_method_iter7.amx,Data file:,sweep_hydrogen001-2024-04-30 12-05-13-04-00-r021.dx
Injection #:,21 of 300,Inj. volume:,0.000 
Proc. Method:,calibration_iter4.pmx,Sample amount:,0.000
Sample type:,Sample,Dilution:,1
Calibration level:,,Multiplier:,1

Seq. Line:,1
Location:,Sample name:,sweep_hydrogen,
Sample info:,"Dry run 03-04-2024 500C, 50psi upstream, 20sccm flow Hopefully doing the whole experiment now, starting with baking and ending with baking."
Acq. Method:,calibration_method_iter7.amx,Data file:,sweep_hydrogen001-2024-04-30 12-08-08-04-00-r022.dx
Injection #:,22 of 300,Inj. volume:,0.000 
Proc. Method:,calibration_iter4.pmx,Sample amount:,0.000
Sample type:,Sample,Dilution:,1
Calibration level:,,Multiplier:,1

Seq. Line:,1
Location:,Sample name:,sweep_hydrogen,
Sample info:,"Dry run 03-04-2024 500C, 50psi upstream, 20sccm flow Hopefully doing the whole experiment now, starting with baking and ending with baking."
Acq. Method:,calibration_method_iter7.amx,Data file:,sweep_hydrogen001-2024-04-30 12-11-04-04-00-r023.dx
Injection #:,23 of 300,Inj. volume:,0.000 
Proc. Method:,calibration_iter4.pmx,Sample amount:,0.000
Sample type:,Sample,Dilution:,1
Calibration level:,,Multiplier:,1

Seq. Line:,1
Location:,Sample name:,sweep_hydrogen,
Sample info:,"Dry run 03-04-2024 500C, 50psi upstream, 20sccm flow Hopefully doing the whole experiment now, starting with baking and ending with baking."
Acq. Method:,calibration_method_iter7.amx,Data file:,sweep_hydrogen001-2024-04-30 12-13-59-04-00-r024.dx
Injection #:,24 of 300,Inj. volume:,0.000 
Proc. Method:,calibration_iter4.pmx,Sample amount:,0.000
Sample type:,Sample,Dilution:,1
Calibration level:,,Multiplier:,1

Seq. Line:,1
Location:,Sample name:,sweep_hydrogen,
Sample info:,"Dry run 03-04-2024 500C, 50psi upstream, 20sccm flow Hopefully doing the whole experiment now, starting with baking and ending with baking."
Acq. Method:,calibration_method_iter7.amx,Data file:,sweep_hydrogen001-2024-04-30 12-16-54-04-00-r025.dx
Injection #:,25 of 300,Inj. volume:,0.000 
Proc. Method:,calibration_iter4.pmx,Sample amount:,0.000
Sample type:,Sample,Dilution:,1
Calibration level:,,Multiplier:,1

Seq. Line:,1
Location:,Sample name:,sweep_hydrogen,
Sample info:,"Dry run 03-04-2024 500C, 50psi upstream, 20sccm flow Hopefully doing the whole experiment now, starting with baking and ending with baking."
Acq. Method:,calibration_method_iter7.amx,Data file:,sweep_hydrogen001-2024-04-30 12-19-50-04-00-r026.dx
Injection #:,26 of 300,Inj. volume:,0.000 
Proc. Method:,calibration_iter4.pmx,Sample amount:,0.000
Sample type:,Sample,Dilution:,1
Calibration level:,,Multiplier:,1

Seq. Line:,1
Location:,Sample name:,sweep_hydrogen,
Sample info:,"Dry run 03-04-2024 500C, 50psi upstream, 20sccm flow Hopefully doing the whole experiment now, starting with baking and ending with baking."
Acq. Method:,calibration_method_iter7.amx,Data file:,sweep_hydrogen001-2024-04-30 12-22-43-04-00-r027.dx
Injection #:,27 of 300,Inj. volume:,0.000 
Proc. Method:,calibration_iter4.pmx,Sample amount:,0.000
Sample type:,Sample,Dilution:,1
Calibration level:,,Multiplier:,1

Seq. Line:,1
Location:,Sample name:,sweep_hydrogen,
Sample info:,"Dry run 03-04-2024 500C, 50psi upstream, 20sccm flow Hopefully doing the whole experiment now, starting with baking and ending with baking."
Acq. Method:,calibration_method_iter7.amx,Data file:,sweep_hydrogen001-2024-04-30 12-25-35-04-00-r028.dx
Injection #:,28 of 300,Inj. volume:,0.000 
Proc. Method:,calibration_iter4.pmx,Sample amount:,0.000
Sample type:,Sample,Dilution:,1
Calibration level:,,Multiplier:,1

Seq. Line:,1
Location:,Sample name:,sweep_hydrogen,
Sample info:,"Dry run 03-04-2024 500C, 50psi upstream, 20sccm flow Hopefully doing the whole experiment now, starting with baking and ending with baking."
Acq. Method:,calibration_method_iter7.amx,Data file:,sweep_hydrogen001-2024-04-30 12-28-33-04-00-r029.dx
Injection #:,29 of 300,Inj. volume:,0.000 
Proc. Method:,calibration_iter4.pmx,Sample amount:,0.000
Sample type:,Sample,Dilution:,1
Calibration level:,,Multiplier:,1

Seq. Line:,1
Location:,Sample name:,sweep_hydrogen,
Sample info:,"Dry run 03-04-2024 500C, 50psi upstream, 20sccm flow Hopefully doing the whole experiment now, starting with baking and ending with baking."
Acq. Method:,calibration_method_iter7.amx,Data file:,sweep_hydrogen001-2024-04-30 12-31-30-04-00-r030.dx
Injection #:,30 of 300,Inj. volume:,0.000 
Proc. Method:,calibration_iter4.pmx,Sample amount:,0.000
Sample type:,Sample,Dilution:,1
Calibration level:,,Multiplier:,1

Seq. Line:,1
Location:,Sample name:,sweep_hydrogen,
Sample info:,"Dry run 03-04-2024 500C, 50psi upstream, 20sccm flow Hopefully doing the whole experiment now, starting with baking and ending with baking."
Acq. Method:,calibration_method_iter7.amx,Data file:,sweep_hydrogen001-2024-04-30 12-34-25-04-00-r031.dx
Injection #:,31 of 300,Inj. volume:,0.000 
Proc. Method:,calibration_iter4.pmx,Sample amount:,0.000
Sample type:,Sample,Dilution:,1
Calibration level:,,Multiplier:,1

Seq. Line:,1
Location:,Sample name:,sweep_hydrogen,
Sample info:,"Dry run 03-04-2024 500C, 50psi upstream, 20sccm flow Hopefully doing the whole experiment now, starting with baking and ending with baking."
Acq. Method:,calibration_method_iter7.amx,Data file:,sweep_hydrogen001-2024-04-30 12-37-22-04-00-r032.dx
Injection #:,32 of 300,Inj. volume:,0.000 
Proc. Method:,calibration_iter4.pmx,Sample amount:,0.000
Sample type:,Sample,Dilution:,1
Calibration level:,,Multiplier:,1

Seq. Line:,1
Location:,Sample name:,sweep_hydrogen,
Sample info:,"Dry run 03-04-2024 500C, 50psi upstream, 20sccm flow Hopefully doing the whole experiment now, starting with baking and ending with baking."
Acq. Method:,calibration_method_iter7.amx,Data file:,sweep_hydrogen001-2024-04-30 12-40-16-04-00-r033.dx
Injection #:,33 of 300,Inj. volume:,0.000 
Proc. Method:,calibration_iter4.pmx,Sample amount:,0.000
Sample type:,Sample,Dilution:,1
Calibration level:,,Multiplier:,1

Seq. Line:,1
Location:,Sample name:,sweep_hydrogen,
Sample info:,"Dry run 03-04-2024 500C, 50psi upstream, 20sccm flow Hopefully doing the whole experiment now, starting with baking and ending with baking."
Acq. Method:,calibration_method_iter7.amx,Data file:,sweep_hydrogen001-2024-04-30 12-43-13-04-00-r034.dx
Injection #:,34 of 300,Inj. volume:,0.000 
Proc. Method:,calibration_iter4.pmx,Sample amount:,0.000
Sample type:,Sample,Dilution:,1
Calibration level:,,Multiplier:,1

Seq. Line:,1
Location:,Sample name:,sweep_hydrogen,
Sample info:,"Dry run 03-04-2024 500C, 50psi upstream, 20sccm flow Hopefully doing the whole experiment now, starting with baking and ending with baking."
Acq. Method:,calibration_method_iter7.amx,Data file:,sweep_hydrogen001-2024-04-30 12-46-08-04-00-r035.dx
Injection #:,35 of 300,Inj. volume:,0.000 
Proc. Method:,calibration_iter4.pmx,Sample amount:,0.000
Sample type:,Sample,Dilution:,1
Calibration level:,,Multiplier:,1

Seq. Line:,1
Location:,Sample name:,sweep_hydrogen,
Sample info:,"Dry run 03-04-2024 500C, 50psi upstream, 20sccm flow Hopefully doing the whole experiment now, starting with baking and ending with baking."
Acq. Method:,calibration_method_iter7.amx,Data file:,sweep_hydrogen001-2024-04-30 12-49-04-04-00-r036.dx
Injection #:,36 of 300,Inj. volume:,0.000 
Proc. Method:,calibration_iter4.pmx,Sample amount:,0.000
Sample type:,Sample,Dilution:,1
Calibration level:,,Multiplier:,1

Seq. Line:,1
Location:,Sample name:,sweep_hydrogen,
Sample info:,"Dry run 03-04-2024 500C, 50psi upstream, 20sccm flow Hopefully doing the whole experiment now, starting with baking and ending with baking."
Acq. Method:,calibration_method_iter7.amx,Data file:,sweep_hydrogen001-2024-04-30 12-51-57-04-00-r037.dx
Injection #:,37 of 300,Inj. volume:,0.000 
Proc. Method:,calibration_iter4.pmx,Sample amount:,0.000
Sample type:,Sample,Dilution:,1
Calibration level:,,Multiplier:,1

Seq. Line:,1
Location:,Sample name:,sweep_hydrogen,
Sample info:,"Dry run 03-04-2024 500C, 50psi upstream, 20sccm flow Hopefully doing the whole experiment now, starting with baking and ending with baking."
Acq. Method:,calibration_method_iter7.amx,Data file:,sweep_hydrogen001-2024-04-30 12-54-53-04-00-r038.dx
Injection #:,38 of 300,Inj. volume:,0.000 
Proc. Method:,calibration_iter4.pmx,Sample amount:,0.000
Sample type:,Sample,Dilution:,1
Calibration level:,,Multiplier:,1

Seq. Line:,1
Location:,Sample name:,sweep_hydrogen,
Sample info:,"Dry run 03-04-2024 500C, 50psi upstream, 20sccm flow Hopefully doing the whole experiment now, starting with baking and ending with baking."
Acq. Method:,calibration_method_iter7.amx,Data file:,sweep_hydrogen001-2024-04-30 12-57-46-04-00-r039.dx
Injection #:,39 of 300,Inj. volume:,0.000 
Proc. Method:,calibration_iter4.pmx,Sample amount:,0.000
Sample type:,Sample,Dilution:,1
Calibration level:,,Multiplier:,1

Seq. Line:,1
Location:,Sample name:,sweep_hydrogen,
Sample info:,"Dry run 03-04-2024 500C, 50psi upstream, 20sccm flow Hopefully doing the whole experiment now, starting with baking and ending with baking."
Acq. Method:,calibration_method_iter7.amx,Data file:,sweep_hydrogen001-2024-04-30 13-00-42-04-00-r040.dx
Injection #:,40 of 300,Inj. volume:,0.000 
Proc. Method:,calibration_iter4.pmx,Sample amount:,0.000
Sample type:,Sample,Dilution:,1
Calibration level:,,Multiplier:,1

Seq. Line:,1
Location:,Sample name:,sweep_hydrogen,
Sample info:,"Dry run 03-04-2024 500C, 50psi upstream, 20sccm flow Hopefully doing the whole experiment now, starting with baking and ending with baking."
Acq. Method:,calibration_method_iter7.amx,Data file:,sweep_hydrogen001-2024-04-30 13-03-35-04-00-r041.dx
Injection #:,41 of 300,Inj. volume:,0.000 
Proc. Method:,calibration_iter4.pmx,Sample amount:,0.000
Sample type:,Sample,Dilution:,1
Calibration level:,,Multiplier:,1

Seq. Line:,1
Location:,Sample name:,sweep_hydrogen,
Sample info:,"Dry run 03-04-2024 500C, 50psi upstream, 20sccm flow Hopefully doing the whole experiment now, starting with baking and ending with baking."
Acq. Method:,calibration_method_iter7.amx,Data file:,sweep_hydrogen001-2024-04-30 13-06-31-04-00-r042.dx
Injection #:,42 of 300,Inj. volume:,0.000 
Proc. Method:,calibration_iter4.pmx,Sample amount:,0.000
Sample type:,Sample,Dilution:,1
Calibration level:,,Multiplier:,1

Seq. Line:,1
Location:,Sample name:,sweep_hydrogen,
Sample info:,"Dry run 03-04-2024 500C, 50psi upstream, 20sccm flow Hopefully doing the whole experiment now, starting with baking and ending with baking."
Acq. Method:,calibration_method_iter7.amx,Data file:,sweep_hydrogen001-2024-04-30 13-09-27-04-00-r043.dx
Injection #:,43 of 300,Inj. volume:,0.000 
Proc. Method:,calibration_iter4.pmx,Sample amount:,0.000
Sample type:,Sample,Dilution:,1
Calibration level:,,Multiplier:,1

Seq. Line:,1
Location:,Sample name:,sweep_hydrogen,
Sample info:,"Dry run 03-04-2024 500C, 50psi upstream, 20sccm flow Hopefully doing the whole experiment now, starting with baking and ending with baking."
Acq. Method:,calibration_method_iter7.amx,Data file:,sweep_hydrogen001-2024-04-30 13-12-21-04-00-r044.dx
Injection #:,44 of 300,Inj. volume:,0.000 
Proc. Method:,calibration_iter4.pmx,Sample amount:,0.000
Sample type:,Sample,Dilution:,1
Calibration level:,,Multiplier:,1

Seq. Line:,1
Location:,Sample name:,sweep_hydrogen,
Sample info:,"Dry run 03-04-2024 500C, 50psi upstream, 20sccm flow Hopefully doing the whole experiment now, starting with baking and ending with baking."
Acq. Method:,calibration_method_iter7.amx,Data file:,sweep_hydrogen001-2024-04-30 13-15-17-04-00-r045.dx
Injection #:,45 of 300,Inj. volume:,0.000 
Proc. Method:,calibration_iter4.pmx,Sample amount:,0.000
Sample type:,Sample,Dilution:,1
Calibration level:,,Multiplier:,1

Seq. Line:,1
Location:,Sample name:,sweep_hydrogen,
Sample info:,"Dry run 03-04-2024 500C, 50psi upstream, 20sccm flow Hopefully doing the whole experiment now, starting with baking and ending with baking."
Acq. Method:,calibration_method_iter7.amx,Data file:,sweep_hydrogen001-2024-04-30 13-18-14-04-00-r046.dx
Injection #:,46 of 300,Inj. volume:,0.000 
Proc. Method:,calibration_iter4.pmx,Sample amount:,0.000
Sample type:,Sample,Dilution:,1
Calibration level:,,Multiplier:,1

Seq. Line:,1
Location:,Sample name:,sweep_hydrogen,
Sample info:,"Dry run 03-04-2024 500C, 50psi upstream, 20sccm flow Hopefully doing the whole experiment now, starting with baking and ending with baking."
Acq. Method:,calibration_method_iter7.amx,Data file:,sweep_hydrogen001-2024-04-30 13-21-07-04-00-r047.dx
Injection #:,47 of 300,Inj. volume:,0.000 
Proc. Method:,calibration_iter4.pmx,Sample amount:,0.000
Sample type:,Sample,Dilution:,1
Calibration level:,,Multiplier:,1

Seq. Line:,1
Location:,Sample name:,sweep_hydrogen,
Sample info:,"Dry run 03-04-2024 500C, 50psi upstream, 20sccm flow Hopefully doing the whole experiment now, starting with baking and ending with baking."
Acq. Method:,calibration_method_iter7.amx,Data file:,sweep_hydrogen001-2024-04-30 13-24-01-04-00-r048.dx
Injection #:,48 of 300,Inj. volume:,0.000 
Proc. Method:,calibration_iter4.pmx,Sample amount:,0.000
Sample type:,Sample,Dilution:,1
Calibration level:,,Multiplier:,1

Seq. Line:,1
Location:,Sample name:,sweep_hydrogen,
Sample info:,"Dry run 03-04-2024 500C, 50psi upstream, 20sccm flow Hopefully doing the whole experiment now, starting with baking and ending with baking."
Acq. Method:,calibration_method_iter7.amx,Data file:,sweep_hydrogen001-2024-04-30 13-26-54-04-00-r049.dx
Injection #:,49 of 300,Inj. volume:,0.000 
Proc. Method:,calibration_iter4.pmx,Sample amount:,0.000
Sample type:,Sample,Dilution:,1
Calibration level:,,Multiplier:,1

Seq. Line:,1
Location:,Sample name:,sweep_hydrogen,
Sample info:,"Dry run 03-04-2024 500C, 50psi upstream, 20sccm flow Hopefully doing the whole experiment now, starting with baking and ending with baking."
Acq. Method:,calibration_method_iter7.amx,Data file:,sweep_hydrogen001-2024-04-30 13-29-49-04-00-r050.dx
Injection #:,50 of 300,Inj. volume:,0.000 
Proc. Method:,calibration_iter4.pmx,Sample amount:,0.000
Sample type:,Sample,Dilution:,1
Calibration level:,,Multiplier:,1

Seq. Line:,1
Location:,Sample name:,sweep_hydrogen,
Sample info:,"Dry run 03-04-2024 500C, 50psi upstream, 20sccm flow Hopefully doing the whole experiment now, starting with baking and ending with baking."
Acq. Method:,calibration_method_iter7.amx,Data file:,sweep_hydrogen001-2024-04-30 13-32-43-04-00-r051.dx
Injection #:,51 of 300,Inj. volume:,0.000 
Proc. Method:,calibration_iter4.pmx,Sample amount:,0.000
Sample type:,Sample,Dilution:,1
Calibration level:,,Multiplier:,1

Seq. Line:,1
Location:,Sample name:,sweep_hydrogen,
Sample info:,"Dry run 03-04-2024 500C, 50psi upstream, 20sccm flow Hopefully doing the whole experiment now, starting with baking and ending with baking."
Acq. Method:,calibration_method_iter7.amx,Data file:,sweep_hydrogen001-2024-04-30 13-35-39-04-00-r052.dx
Injection #:,52 of 300,Inj. volume:,0.000 
Proc. Method:,calibration_iter4.pmx,Sample amount:,0.000
Sample type:,Sample,Dilution:,1
Calibration level:,,Multiplier:,1

Seq. Line:,1
Location:,Sample name:,sweep_hydrogen,
Sample info:,"Dry run 03-04-2024 500C, 50psi upstream, 20sccm flow Hopefully doing the whole experiment now, starting with baking and ending with baking."
Acq. Method:,calibration_method_iter7.amx,Data file:,sweep_hydrogen001-2024-04-30 13-38-34-04-00-r053.dx
Injection #:,53 of 300,Inj. volume:,0.000 
Proc. Method:,calibration_iter4.pmx,Sample amount:,0.000
Sample type:,Sample,Dilution:,1
Calibration level:,,Multiplier:,1

Seq. Line:,1
Location:,Sample name:,sweep_hydrogen,
Sample info:,"Dry run 03-04-2024 500C, 50psi upstream, 20sccm flow Hopefully doing the whole experiment now, starting with baking and ending with baking."
Acq. Method:,calibration_method_iter7.amx,Data file:,sweep_hydrogen001-2024-04-30 13-41-29-04-00-r054.dx
Injection #:,54 of 300,Inj. volume:,0.000 
Proc. Method:,calibration_iter4.pmx,Sample amount:,0.000
Sample type:,Sample,Dilution:,1
Calibration level:,,Multiplier:,1

Seq. Line:,1
Location:,Sample name:,sweep_hydrogen,
Sample info:,"Dry run 03-04-2024 500C, 50psi upstream, 20sccm flow Hopefully doing the whole experiment now, starting with baking and ending with baking."
Acq. Method:,calibration_method_iter7.amx,Data file:,sweep_hydrogen001-2024-04-30 13-44-23-04-00-r055.dx
Injection #:,55 of 300,Inj. volume:,0.000 
Proc. Method:,calibration_iter4.pmx,Sample amount:,0.000
Sample type:,Sample,Dilution:,1
Calibration level:,,Multiplier:,1

Seq. Line:,1
Location:,Sample name:,sweep_hydrogen,
Sample info:,"Dry run 03-04-2024 500C, 50psi upstream, 20sccm flow Hopefully doing the whole experiment now, starting with baking and ending with baking."
Acq. Method:,calibration_method_iter7.amx,Data file:,sweep_hydrogen001-2024-04-30 13-47-18-04-00-r056.dx
Injection #:,56 of 300,Inj. volume:,0.000 
Proc. Method:,calibration_iter4.pmx,Sample amount:,0.000
Sample type:,Sample,Dilution:,1
Calibration level:,,Multiplier:,1

Seq. Line:,1
Location:,Sample name:,sweep_hydrogen,
Sample info:,"Dry run 03-04-2024 500C, 50psi upstream, 20sccm flow Hopefully doing the whole experiment now, starting with baking and ending with baking."
Acq. Method:,calibration_method_iter7.amx,Data file:,sweep_hydrogen001-2024-04-30 13-50-15-04-00-r057.dx
Injection #:,57 of 300,Inj. volume:,0.000 
Proc. Method:,calibration_iter4.pmx,Sample amount:,0.000
Sample type:,Sample,Dilution:,1
Calibration level:,,Multiplier:,1

Seq. Line:,1
Location:,Sample name:,sweep_hydrogen,
Sample info:,"Dry run 03-04-2024 500C, 50psi upstream, 20sccm flow Hopefully doing the whole experiment now, starting with baking and ending with baking."
Acq. Method:,calibration_method_iter7.amx,Data file:,sweep_hydrogen001-2024-04-30 13-53-10-04-00-r058.dx
Injection #:,58 of 300,Inj. volume:,0.000 
Proc. Method:,calibration_iter4.pmx,Sample amount:,0.000
Sample type:,Sample,Dilution:,1
Calibration level:,,Multiplier:,1

Seq. Line:,1
Location:,Sample name:,sweep_hydrogen,
Sample info:,"Dry run 03-04-2024 500C, 50psi upstream, 20sccm flow Hopefully doing the whole experiment now, starting with baking and ending with baking."
Acq. Method:,calibration_method_iter7.amx,Data file:,sweep_hydrogen001-2024-04-30 13-56-07-04-00-r059.dx
Injection #:,59 of 300,Inj. volume:,0.000 
Proc. Method:,calibration_iter4.pmx,Sample amount:,0.000
Sample type:,Sample,Dilution:,1
Calibration level:,,Multiplier:,1

Seq. Line:,1
Location:,Sample name:,sweep_hydrogen,
Sample info:,"Dry run 03-04-2024 500C, 50psi upstream, 20sccm flow Hopefully doing the whole experiment now, starting with baking and ending with baking."
Acq. Method:,calibration_method_iter7.amx,Data file:,sweep_hydrogen001-2024-04-30 13-58-59-04-00-r060.dx
Injection #:,60 of 300,Inj. volume:,0.000 
Proc. Method:,calibration_iter4.pmx,Sample amount:,0.000
Sample type:,Sample,Dilution:,1
Calibration level:,,Multiplier:,1

Seq. Line:,1
Location:,Sample name:,sweep_hydrogen,
Sample info:,"Dry run 03-04-2024 500C, 50psi upstream, 20sccm flow Hopefully doing the whole experiment now, starting with baking and ending with baking."
Acq. Method:,calibration_method_iter7.amx,Data file:,sweep_hydrogen001-2024-04-30 14-01-54-04-00-r061.dx
Injection #:,61 of 300,Inj. volume:,0.000 
Proc. Method:,calibration_iter4.pmx,Sample amount:,0.000
Sample type:,Sample,Dilution:,1
Calibration level:,,Multiplier:,1

Seq. Line:,1
Location:,Sample name:,sweep_hydrogen,
Sample info:,"Dry run 03-04-2024 500C, 50psi upstream, 20sccm flow Hopefully doing the whole experiment now, starting with baking and ending with baking."
Acq. Method:,calibration_method_iter7.amx,Data file:,sweep_hydrogen001-2024-04-30 14-04-50-04-00-r062.dx
Injection #:,62 of 300,Inj. volume:,0.000 
Proc. Method:,calibration_iter4.pmx,Sample amount:,0.000
Sample type:,Sample,Dilution:,1
Calibration level:,,Multiplier:,1

Seq. Line:,1
Location:,Sample name:,sweep_hydrogen,
Sample info:,"Dry run 03-04-2024 500C, 50psi upstream, 20sccm flow Hopefully doing the whole experiment now, starting with baking and ending with baking."
Acq. Method:,calibration_method_iter7.amx,Data file:,sweep_hydrogen001-2024-04-30 14-07-44-04-00-r063.dx
Injection #:,63 of 300,Inj. volume:,0.000 
Proc. Method:,calibration_iter4.pmx,Sample amount:,0.000
Sample type:,Sample,Dilution:,1
Calibration level:,,Multiplier:,1

Seq. Line:,1
Location:,Sample name:,sweep_hydrogen,
Sample info:,"Dry run 03-04-2024 500C, 50psi upstream, 20sccm flow Hopefully doing the whole experiment now, starting with baking and ending with baking."
Acq. Method:,calibration_method_iter7.amx,Data file:,sweep_hydrogen001-2024-04-30 14-10-40-04-00-r064.dx
Injection #:,64 of 300,Inj. volume:,0.000 
Proc. Method:,calibration_iter4.pmx,Sample amount:,0.000
Sample type:,Sample,Dilution:,1
Calibration level:,,Multiplier:,1

Seq. Line:,1
Location:,Sample name:,sweep_hydrogen,
Sample info:,"Dry run 03-04-2024 500C, 50psi upstream, 20sccm flow Hopefully doing the whole experiment now, starting with baking and ending with baking."
Acq. Method:,calibration_method_iter7.amx,Data file:,sweep_hydrogen001-2024-04-30 14-13-36-04-00-r065.dx
Injection #:,65 of 300,Inj. volume:,0.000 
Proc. Method:,calibration_iter4.pmx,Sample amount:,0.000
Sample type:,Sample,Dilution:,1
Calibration level:,,Multiplier:,1

Seq. Line:,1
Location:,Sample name:,sweep_hydrogen,
Sample info:,"Dry run 03-04-2024 500C, 50psi upstream, 20sccm flow Hopefully doing the whole experiment now, starting with baking and ending with baking."
Acq. Method:,calibration_method_iter7.amx,Data file:,sweep_hydrogen001-2024-04-30 14-16-33-04-00-r066.dx
Injection #:,66 of 300,Inj. volume:,0.000 
Proc. Method:,calibration_iter4.pmx,Sample amount:,0.000
Sample type:,Sample,Dilution:,1
Calibration level:,,Multiplier:,1

Seq. Line:,1
Location:,Sample name:,sweep_hydrogen,
Sample info:,"Dry run 03-04-2024 500C, 50psi upstream, 20sccm flow Hopefully doing the whole experiment now, starting with baking and ending with baking."
Acq. Method:,calibration_method_iter7.amx,Data file:,sweep_hydrogen001-2024-04-30 14-19-27-04-00-r067.dx
Injection #:,67 of 300,Inj. volume:,0.000 
Proc. Method:,calibration_iter4.pmx,Sample amount:,0.000
Sample type:,Sample,Dilution:,1
Calibration level:,,Multiplier:,1

Seq. Line:,1
Location:,Sample name:,sweep_hydrogen,
Sample info:,"Dry run 03-04-2024 500C, 50psi upstream, 20sccm flow Hopefully doing the whole experiment now, starting with baking and ending with baking."
Acq. Method:,calibration_method_iter7.amx,Data file:,sweep_hydrogen001-2024-04-30 14-22-24-04-00-r068.dx
Injection #:,68 of 300,Inj. volume:,0.000 
Proc. Method:,calibration_iter4.pmx,Sample amount:,0.000
Sample type:,Sample,Dilution:,1
Calibration level:,,Multiplier:,1

Seq. Line:,1
Location:,Sample name:,sweep_hydrogen,
Sample info:,"Dry run 03-04-2024 500C, 50psi upstream, 20sccm flow Hopefully doing the whole experiment now, starting with baking and ending with baking."
Acq. Method:,calibration_method_iter7.amx,Data file:,sweep_hydrogen001-2024-04-30 14-25-18-04-00-r069.dx
Injection #:,69 of 300,Inj. volume:,0.000 
Proc. Method:,calibration_iter4.pmx,Sample amount:,0.000
Sample type:,Sample,Dilution:,1
Calibration level:,,Multiplier:,1

Seq. Line:,1
Location:,Sample name:,sweep_hydrogen,
Sample info:,"Dry run 03-04-2024 500C, 50psi upstream, 20sccm flow Hopefully doing the whole experiment now, starting with baking and ending with baking."
Acq. Method:,calibration_method_iter7.amx,Data file:,sweep_hydrogen001-2024-04-30 14-28-14-04-00-r070.dx
Injection #:,70 of 300,Inj. volume:,0.000 
Proc. Method:,calibration_iter4.pmx,Sample amount:,0.000
Sample type:,Sample,Dilution:,1
Calibration level:,,Multiplier:,1

Seq. Line:,1
Location:,Sample name:,sweep_hydrogen,
Sample info:,"Dry run 03-04-2024 500C, 50psi upstream, 20sccm flow Hopefully doing the whole experiment now, starting with baking and ending with baking."
Acq. Method:,calibration_method_iter7.amx,Data file:,sweep_hydrogen001-2024-04-30 14-31-07-04-00-r071.dx
Injection #:,71 of 300,Inj. volume:,0.000 
Proc. Method:,calibration_iter4.pmx,Sample amount:,0.000
Sample type:,Sample,Dilution:,1
Calibration level:,,Multiplier:,1

Seq. Line:,1
Location:,Sample name:,sweep_hydrogen,
Sample info:,"Dry run 03-04-2024 500C, 50psi upstream, 20sccm flow Hopefully doing the whole experiment now, starting with baking and ending with baking."
Acq. Method:,calibration_method_iter7.amx,Data file:,snapshot-20240430 143648-sweep_hydrogen001-2024-04-30 14-34-04-04-00-r072.dx
Injection #:,72 of 300,Inj. volume:,0.000 
Proc. Method:,calibration_iter4.pmx,Sample amount:,0.000
Sample type:,Sample,Dilution:,1
Calibration level:,,Multiplier:,1


Sample name:,sweep_hydrogen
Operator:,SYSTEM (SYSTEM),Data file:,sweep_hydrogen001-2024-04-30 11-06-53-04-00-r001.dx
Instrument:,Angie C.,Injection date:,2024-04-30 11:07:10-04:00
Inj. volume:,0.000 ,Location:,
Acq. method:,calibration_method_iter7.amx,Type:,Sample
Processing method:,calibration_iter4.pmx,Sample amount:,0.00
Manually modified:,None
RT [min],Signal,Type,Area,Amount [],Conc. [],Name

Sample name:,sweep_hydrogen
Operator:,SYSTEM (SYSTEM),Data file:,sweep_hydrogen001-2024-04-30 11-09-52-04-00-r002.dx
Instrument:,Angie C.,Injection date:,2024-04-30 11:10:05-04:00
Inj. volume:,0.000 ,Location:,
Acq. method:,calibration_method_iter7.amx,Type:,Sample
Processing method:,calibration_iter4.pmx,Sample amount:,0.00
Manually modified:,None
RT [min],Signal,Type,Area,Amount [],Conc. [],Name

Sample name:,sweep_hydrogen
Operator:,SYSTEM (SYSTEM),Data file:,sweep_hydrogen001-2024-04-30 11-12-45-04-00-r003.dx
Instrument:,Angie C.,Injection date:,2024-04-30 11:13:00-04:00
Inj. volume:,0.000 ,Location:,
Acq. method:,calibration_method_iter7.amx,Type:,Sample
Processing method:,calibration_iter4.pmx,Sample amount:,0.00
Manually modified:,None
RT [min],Signal,Type,Area,Amount [],Conc. [],Name

Sample name:,sweep_hydrogen
Operator:,SYSTEM (SYSTEM),Data file:,sweep_hydrogen001-2024-04-30 11-15-41-04-00-r004.dx
Instrument:,Angie C.,Injection date:,2024-04-30 11:15:55-04:00
Inj. volume:,0.000 ,Location:,
Acq. method:,calibration_method_iter7.amx,Type:,Sample
Processing method:,calibration_iter4.pmx,Sample amount:,0.00
Manually modified:,None
RT [min],Signal,Type,Area,Amount [ppm],Conc. [ppm],Name
1.197,TCD1A,VV  ,60.51657,2178.912,2178.912,hydrogen

Sample name:,sweep_hydrogen
Operator:,SYSTEM (SYSTEM),Data file:,sweep_hydrogen001-2024-04-30 11-18-35-04-00-r005.dx
Instrument:,Angie C.,Injection date:,2024-04-30 11:18:47-04:00
Inj. volume:,0.000 ,Location:,
Acq. method:,calibration_method_iter7.amx,Type:,Sample
Processing method:,calibration_iter4.pmx,Sample amount:,0.00
Manually modified:,None
RT [min],Signal,Type,Area,Amount [ppm],Conc. [ppm],Name
1.195,TCD1A,BV  ,55.91432,2011.894,2011.894,hydrogen

Sample name:,sweep_hydrogen
Operator:,SYSTEM (SYSTEM),Data file:,sweep_hydrogen001-2024-04-30 11-21-30-04-00-r006.dx
Instrument:,Angie C.,Injection date:,2024-04-30 11:21:42-04:00
Inj. volume:,0.000 ,Location:,
Acq. method:,calibration_method_iter7.amx,Type:,Sample
Processing method:,calibration_iter4.pmx,Sample amount:,0.00
Manually modified:,None
RT [min],Signal,Type,Area,Amount [ppm],Conc. [ppm],Name
1.195,TCD1A,BV  ,55.76507,2006.477,2006.477,hydrogen

Sample name:,sweep_hydrogen
Operator:,SYSTEM (SYSTEM),Data file:,sweep_hydrogen001-2024-04-30 11-24-23-04-00-r007.dx
Instrument:,Angie C.,Injection date:,2024-04-30 11:24:37-04:00
Inj. volume:,0.000 ,Location:,
Acq. method:,calibration_method_iter7.amx,Type:,Sample
Processing method:,calibration_iter4.pmx,Sample amount:,0.00
Manually modified:,None
RT [min],Signal,Type,Area,Amount [ppm],Conc. [ppm],Name
1.196,TCD1A,BV  ,55.89611,2011.233,2011.233,hydrogen

Sample name:,sweep_hydrogen
Operator:,SYSTEM (SYSTEM),Data file:,sweep_hydrogen001-2024-04-30 11-27-19-04-00-r008.dx
Instrument:,Angie C.,Injection date:,2024-04-30 11:27:31-04:00
Inj. volume:,0.000 ,Location:,
Acq. method:,calibration_method_iter7.amx,Type:,Sample
Processing method:,calibration_iter4.pmx,Sample amount:,0.00
Manually modified:,None
RT [min],Signal,Type,Area,Amount [ppm],Conc. [ppm],Name
1.195,TCD1A,BV  ,55.94615,2013.049,2013.049,hydrogen

Sample name:,sweep_hydrogen
Operator:,SYSTEM (SYSTEM),Data file:,sweep_hydrogen001-2024-04-30 11-30-13-04-00-r009.dx
Instrument:,Angie C.,Injection date:,2024-04-30 11:30:26-04:00
Inj. volume:,0.000 ,Location:,
Acq. method:,calibration_method_iter7.amx,Type:,Sample
Processing method:,calibration_iter4.pmx,Sample amount:,0.00
Manually modified:,None
RT [min],Signal,Type,Area,Amount [ppm],Conc. [ppm],Name
1.197,TCD1A,BV  ,55.89603,2011.230,2011.230,hydrogen

Sample name:,sweep_hydrogen
Operator:,SYSTEM (SYSTEM),Data file:,sweep_hydrogen001-2024-04-30 11-33-07-04-00-r010.dx
Instrument:,Angie C.,Injection date:,2024-04-30 11:33:22-04:00
Inj. volume:,0.000 ,Location:,
Acq. method:,calibration_method_iter7.amx,Type:,Sample
Processing method:,calibration_iter4.pmx,Sample amount:,0.00
Manually modified:,None
RT [min],Signal,Type,Area,Amount [ppm],Conc. [ppm],Name
1.198,TCD1A,BV  ,55.30355,1989.728,1989.728,hydrogen

Sample name:,sweep_hydrogen
Operator:,SYSTEM (SYSTEM),Data file:,sweep_hydrogen001-2024-04-30 11-36-02-04-00-r011.dx
Instrument:,Angie C.,Injection date:,2024-04-30 11:36:16-04:00
Inj. volume:,0.000 ,Location:,
Acq. method:,calibration_method_iter7.amx,Type:,Sample
Processing method:,calibration_iter4.pmx,Sample amount:,0.00
Manually modified:,None
RT [min],Signal,Type,Area,Amount [ppm],Conc. [ppm],Name
1.194,TCD1A,VV  ,55.36675,1992.022,1992.022,hydrogen

Sample name:,sweep_hydrogen
Operator:,SYSTEM (SYSTEM),Data file:,sweep_hydrogen001-2024-04-30 11-38-57-04-00-r012.dx
Instrument:,Angie C.,Injection date:,2024-04-30 11:39:10-04:00
Inj. volume:,0.000 ,Location:,
Acq. method:,calibration_method_iter7.amx,Type:,Sample
Processing method:,calibration_iter4.pmx,Sample amount:,0.00
Manually modified:,None
RT [min],Signal,Type,Area,Amount [ppm],Conc. [ppm],Name
1.197,TCD1A,BV  ,55.62397,2001.357,2001.357,hydrogen

Sample name:,sweep_hydrogen
Operator:,SYSTEM (SYSTEM),Data file:,sweep_hydrogen001-2024-04-30 11-41-51-04-00-r013.dx
Instrument:,Angie C.,Injection date:,2024-04-30 11:42:06-04:00
Inj. volume:,0.000 ,Location:,
Acq. method:,calibration_method_iter7.amx,Type:,Sample
Processing method:,calibration_iter4.pmx,Sample amount:,0.00
Manually modified:,None
RT [min],Signal,Type,Area,Amount [ppm],Conc. [ppm],Name
1.196,TCD1A,BV  ,55.50634,1997.088,1997.088,hydrogen

Sample name:,sweep_hydrogen
Operator:,SYSTEM (SYSTEM),Data file:,sweep_hydrogen001-2024-04-30 11-44-46-04-00-r014.dx
Instrument:,Angie C.,Injection date:,2024-04-30 11:45:03-04:00
Inj. volume:,0.000 ,Location:,
Acq. method:,calibration_method_iter7.amx,Type:,Sample
Processing method:,calibration_iter4.pmx,Sample amount:,0.00
Manually modified:,None
RT [min],Signal,Type,Area,Amount [ppm],Conc. [ppm],Name
1.198,TCD1A,BV  ,55.72428,2004.997,2004.997,hydrogen

Sample name:,sweep_hydrogen
Operator:,SYSTEM (SYSTEM),Data file:,sweep_hydrogen001-2024-04-30 11-47-43-04-00-r015.dx
Instrument:,Angie C.,Injection date:,2024-04-30 11:47:59-04:00
Inj. volume:,0.000 ,Location:,
Acq. method:,calibration_method_iter7.amx,Type:,Sample
Processing method:,calibration_iter4.pmx,Sample amount:,0.00
Manually modified:,None
RT [min],Signal,Type,Area,Amount [ppm],Conc. [ppm],Name
1.198,TCD1A,BV  ,55.86297,2010.030,2010.030,hydrogen

Sample name:,sweep_hydrogen
Operator:,SYSTEM (SYSTEM),Data file:,sweep_hydrogen001-2024-04-30 11-50-41-04-00-r016.dx
Instrument:,Angie C.,Injection date:,2024-04-30 11:50:54-04:00
Inj. volume:,0.000 ,Location:,
Acq. method:,calibration_method_iter7.amx,Type:,Sample
Processing method:,calibration_iter4.pmx,Sample amount:,0.00
Manually modified:,None
RT [min],Signal,Type,Area,Amount [ppm],Conc. [ppm],Name
1.197,TCD1A,BV  ,55.77253,2006.748,2006.748,hydrogen

Sample name:,sweep_hydrogen
Operator:,SYSTEM (SYSTEM),Data file:,sweep_hydrogen001-2024-04-30 11-53-36-04-00-r017.dx
Instrument:,Angie C.,Injection date:,2024-04-30 11:53:49-04:00
Inj. volume:,0.000 ,Location:,
Acq. method:,calibration_method_iter7.amx,Type:,Sample
Processing method:,calibration_iter4.pmx,Sample amount:,0.00
Manually modified:,None
RT [min],Signal,Type,Area,Amount [ppm],Conc. [ppm],Name
1.195,TCD1A,VV  ,56.17808,2021.466,2021.466,hydrogen

Sample name:,sweep_hydrogen
Operator:,SYSTEM (SYSTEM),Data file:,sweep_hydrogen001-2024-04-30 11-56-29-04-00-r018.dx
Instrument:,Angie C.,Injection date:,2024-04-30 11:56:43-04:00
Inj. volume:,0.000 ,Location:,
Acq. method:,calibration_method_iter7.amx,Type:,Sample
Processing method:,calibration_iter4.pmx,Sample amount:,0.00
Manually modified:,None
RT [min],Signal,Type,Area,Amount [ppm],Conc. [ppm],Name
1.195,TCD1A,VV  ,56.27279,2024.903,2024.903,hydrogen

Sample name:,sweep_hydrogen
Operator:,SYSTEM (SYSTEM),Data file:,sweep_hydrogen001-2024-04-30 11-59-24-04-00-r019.dx
Instrument:,Angie C.,Injection date:,2024-04-30 11:59:37-04:00
Inj. volume:,0.000 ,Location:,
Acq. method:,calibration_method_iter7.amx,Type:,Sample
Processing method:,calibration_iter4.pmx,Sample amount:,0.00
Manually modified:,None
RT [min],Signal,Type,Area,Amount [ppm],Conc. [ppm],Name
1.194,TCD1A,BV  ,56.12329,2019.477,2019.477,hydrogen

Sample name:,sweep_hydrogen
Operator:,SYSTEM (SYSTEM),Data file:,sweep_hydrogen001-2024-04-30 12-02-18-04-00-r020.dx
Instrument:,Angie C.,Injection date:,2024-04-30 12:02:32-04:00
Inj. volume:,0.000 ,Location:,
Acq. method:,calibration_method_iter7.amx,Type:,Sample
Processing method:,calibration_iter4.pmx,Sample amount:,0.00
Manually modified:,None
RT [min],Signal,Type,Area,Amount [ppm],Conc. [ppm],Name
1.197,TCD1A,BV  ,55.53105,1997.984,1997.984,hydrogen

Sample name:,sweep_hydrogen
Operator:,SYSTEM (SYSTEM),Data file:,sweep_hydrogen001-2024-04-30 12-05-13-04-00-r021.dx
Instrument:,Angie C.,Injection date:,2024-04-30 12:05:28-04:00
Inj. volume:,0.000 ,Location:,
Acq. method:,calibration_method_iter7.amx,Type:,Sample
Processing method:,calibration_iter4.pmx,Sample amount:,0.00
Manually modified:,None
RT [min],Signal,Type,Area,Amount [ppm],Conc. [ppm],Name
1.196,TCD1A,BV  ,52.88585,1901.988,1901.988,hydrogen

Sample name:,sweep_hydrogen
Operator:,SYSTEM (SYSTEM),Data file:,sweep_hydrogen001-2024-04-30 12-08-08-04-00-r022.dx
Instrument:,Angie C.,Injection date:,2024-04-30 12:08:24-04:00
Inj. volume:,0.000 ,Location:,
Acq. method:,calibration_method_iter7.amx,Type:,Sample
Processing method:,calibration_iter4.pmx,Sample amount:,0.00
Manually modified:,None
RT [min],Signal,Type,Area,Amount [ppm],Conc. [ppm],Name
1.197,TCD1A,BV  ,50.07039,1799.814,1799.814,hydrogen

Sample name:,sweep_hydrogen
Operator:,SYSTEM (SYSTEM),Data file:,sweep_hydrogen001-2024-04-30 12-11-04-04-00-r023.dx
Instrument:,Angie C.,Injection date:,2024-04-30 12:11:18-04:00
Inj. volume:,0.000 ,Location:,
Acq. method:,calibration_method_iter7.amx,Type:,Sample
Processing method:,calibration_iter4.pmx,Sample amount:,0.00
Manually modified:,None
RT [min],Signal,Type,Area,Amount [ppm],Conc. [ppm],Name
1.197,TCD1A,BV  ,48.45725,1741.272,1741.272,hydrogen

Sample name:,sweep_hydrogen
Operator:,SYSTEM (SYSTEM),Data file:,sweep_hydrogen001-2024-04-30 12-13-59-04-00-r024.dx
Instrument:,Angie C.,Injection date:,2024-04-30 12:14:13-04:00
Inj. volume:,0.000 ,Location:,
Acq. method:,calibration_method_iter7.amx,Type:,Sample
Processing method:,calibration_iter4.pmx,Sample amount:,0.00
Manually modified:,None
RT [min],Signal,Type,Area,Amount [ppm],Conc. [ppm],Name
1.196,TCD1A,BV  ,47.47767,1705.722,1705.722,hydrogen

Sample name:,sweep_hydrogen
Operator:,SYSTEM (SYSTEM),Data file:,sweep_hydrogen001-2024-04-30 12-16-54-04-00-r025.dx
Instrument:,Angie C.,Injection date:,2024-04-30 12:17:08-04:00
Inj. volume:,0.000 ,Location:,
Acq. method:,calibration_method_iter7.amx,Type:,Sample
Processing method:,calibration_iter4.pmx,Sample amount:,0.00
Manually modified:,None
RT [min],Signal,Type,Area,Amount [ppm],Conc. [ppm],Name
1.195,TCD1A,VV  ,47.74843,1715.548,1715.548,hydrogen

Sample name:,sweep_hydrogen
Operator:,SYSTEM (SYSTEM),Data file:,sweep_hydrogen001-2024-04-30 12-19-50-04-00-r026.dx
Instrument:,Angie C.,Injection date:,2024-04-30 12:20:02-04:00
Inj. volume:,0.000 ,Location:,
Acq. method:,calibration_method_iter7.amx,Type:,Sample
Processing method:,calibration_iter4.pmx,Sample amount:,0.00
Manually modified:,None
RT [min],Signal,Type,Area,Amount [ppm],Conc. [ppm],Name
1.194,TCD1A,BV  ,47.48358,1705.937,1705.937,hydrogen

Sample name:,sweep_hydrogen
Operator:,SYSTEM (SYSTEM),Data file:,sweep_hydrogen001-2024-04-30 12-22-43-04-00-r027.dx
Instrument:,Angie C.,Injection date:,2024-04-30 12:22:56-04:00
Inj. volume:,0.000 ,Location:,
Acq. method:,calibration_method_iter7.amx,Type:,Sample
Processing method:,calibration_iter4.pmx,Sample amount:,0.00
Manually modified:,None
RT [min],Signal,Type,Area,Amount [ppm],Conc. [ppm],Name
1.193,TCD1A,BV  ,48.11822,1728.968,1728.968,hydrogen

Sample name:,sweep_hydrogen
Operator:,SYSTEM (SYSTEM),Data file:,sweep_hydrogen001-2024-04-30 12-25-35-04-00-r028.dx
Instrument:,Angie C.,Injection date:,2024-04-30 12:25:52-04:00
Inj. volume:,0.000 ,Location:,
Acq. method:,calibration_method_iter7.amx,Type:,Sample
Processing method:,calibration_iter4.pmx,Sample amount:,0.00
Manually modified:,None
RT [min],Signal,Type,Area,Amount [ppm],Conc. [ppm],Name
1.197,TCD1A,BV  ,48.56001,1745.001,1745.001,hydrogen

Sample name:,sweep_hydrogen
Operator:,SYSTEM (SYSTEM),Data file:,sweep_hydrogen001-2024-04-30 12-28-33-04-00-r029.dx
Instrument:,Angie C.,Injection date:,2024-04-30 12:28:48-04:00
Inj. volume:,0.000 ,Location:,
Acq. method:,calibration_method_iter7.amx,Type:,Sample
Processing method:,calibration_iter4.pmx,Sample amount:,0.00
Manually modified:,None
RT [min],Signal,Type,Area,Amount [ppm],Conc. [ppm],Name
1.200,TCD1A,BV  ,48.37579,1738.316,1738.316,hydrogen

Sample name:,sweep_hydrogen
Operator:,SYSTEM (SYSTEM),Data file:,sweep_hydrogen001-2024-04-30 12-31-30-04-00-r030.dx
Instrument:,Angie C.,Injection date:,2024-04-30 12:31:45-04:00
Inj. volume:,0.000 ,Location:,
Acq. method:,calibration_method_iter7.amx,Type:,Sample
Processing method:,calibration_iter4.pmx,Sample amount:,0.00
Manually modified:,None
RT [min],Signal,Type,Area,Amount [ppm],Conc. [ppm],Name
1.195,TCD1A,VV  ,48.78411,1753.134,1753.134,hydrogen

Sample name:,sweep_hydrogen
Operator:,SYSTEM (SYSTEM),Data file:,sweep_hydrogen001-2024-04-30 12-34-25-04-00-r031.dx
Instrument:,Angie C.,Injection date:,2024-04-30 12:34:41-04:00
Inj. volume:,0.000 ,Location:,
Acq. method:,calibration_method_iter7.amx,Type:,Sample
Processing method:,calibration_iter4.pmx,Sample amount:,0.00
Manually modified:,None
RT [min],Signal,Type,Area,Amount [ppm],Conc. [ppm],Name
1.198,TCD1A,BB  ,48.93414,1758.578,1758.578,hydrogen

Sample name:,sweep_hydrogen
Operator:,SYSTEM (SYSTEM),Data file:,sweep_hydrogen001-2024-04-30 12-37-22-04-00-r032.dx
Instrument:,Angie C.,Injection date:,2024-04-30 12:37:35-04:00
Inj. volume:,0.000 ,Location:,
Acq. method:,calibration_method_iter7.amx,Type:,Sample
Processing method:,calibration_iter4.pmx,Sample amount:,0.00
Manually modified:,None
RT [min],Signal,Type,Area,Amount [ppm],Conc. [ppm],Name
1.196,TCD1A,BV  ,48.44676,1740.891,1740.891,hydrogen

Sample name:,sweep_hydrogen
Operator:,SYSTEM (SYSTEM),Data file:,sweep_hydrogen001-2024-04-30 12-40-16-04-00-r033.dx
Instrument:,Angie C.,Injection date:,2024-04-30 12:40:32-04:00
Inj. volume:,0.000 ,Location:,
Acq. method:,calibration_method_iter7.amx,Type:,Sample
Processing method:,calibration_iter4.pmx,Sample amount:,0.00
Manually modified:,None
RT [min],Signal,Type,Area,Amount [ppm],Conc. [ppm],Name
1.199,TCD1A,BV  ,48.75212,1751.973,1751.973,hydrogen

Sample name:,sweep_hydrogen
Operator:,SYSTEM (SYSTEM),Data file:,sweep_hydrogen001-2024-04-30 12-43-13-04-00-r034.dx
Instrument:,Angie C.,Injection date:,2024-04-30 12:43:27-04:00
Inj. volume:,0.000 ,Location:,
Acq. method:,calibration_method_iter7.amx,Type:,Sample
Processing method:,calibration_iter4.pmx,Sample amount:,0.00
Manually modified:,None
RT [min],Signal,Type,Area,Amount [ppm],Conc. [ppm],Name
1.195,TCD1A,VV  ,48.56251,1745.092,1745.092,hydrogen

Sample name:,sweep_hydrogen
Operator:,SYSTEM (SYSTEM),Data file:,sweep_hydrogen001-2024-04-30 12-46-08-04-00-r035.dx
Instrument:,Angie C.,Injection date:,2024-04-30 12:46:23-04:00
Inj. volume:,0.000 ,Location:,
Acq. method:,calibration_method_iter7.amx,Type:,Sample
Processing method:,calibration_iter4.pmx,Sample amount:,0.00
Manually modified:,None
RT [min],Signal,Type,Area,Amount [ppm],Conc. [ppm],Name
1.198,TCD1A,BV  ,49.18885,1767.822,1767.822,hydrogen

Sample name:,sweep_hydrogen
Operator:,SYSTEM (SYSTEM),Data file:,sweep_hydrogen001-2024-04-30 12-49-04-04-00-r036.dx
Instrument:,Angie C.,Injection date:,2024-04-30 12:49:17-04:00
Inj. volume:,0.000 ,Location:,
Acq. method:,calibration_method_iter7.amx,Type:,Sample
Processing method:,calibration_iter4.pmx,Sample amount:,0.00
Manually modified:,None
RT [min],Signal,Type,Area,Amount [ppm],Conc. [ppm],Name
1.194,TCD1A,BV  ,49.13362,1765.818,1765.818,hydrogen

Sample name:,sweep_hydrogen
Operator:,SYSTEM (SYSTEM),Data file:,sweep_hydrogen001-2024-04-30 12-51-57-04-00-r037.dx
Instrument:,Angie C.,Injection date:,2024-04-30 12:52:12-04:00
Inj. volume:,0.000 ,Location:,
Acq. method:,calibration_method_iter7.amx,Type:,Sample
Processing method:,calibration_iter4.pmx,Sample amount:,0.00
Manually modified:,None
RT [min],Signal,Type,Area,Amount [ppm],Conc. [ppm],Name
1.197,TCD1A,BV  ,49.18022,1767.509,1767.509,hydrogen

Sample name:,sweep_hydrogen
Operator:,SYSTEM (SYSTEM),Data file:,sweep_hydrogen001-2024-04-30 12-54-53-04-00-r038.dx
Instrument:,Angie C.,Injection date:,2024-04-30 12:55:06-04:00
Inj. volume:,0.000 ,Location:,
Acq. method:,calibration_method_iter7.amx,Type:,Sample
Processing method:,calibration_iter4.pmx,Sample amount:,0.00
Manually modified:,None
RT [min],Signal,Type,Area,Amount [ppm],Conc. [ppm],Name
1.196,TCD1A,BV  ,49.64468,1784.364,1784.364,hydrogen

Sample name:,sweep_hydrogen
Operator:,SYSTEM (SYSTEM),Data file:,sweep_hydrogen001-2024-04-30 12-57-46-04-00-r039.dx
Instrument:,Angie C.,Injection date:,2024-04-30 12:58:01-04:00
Inj. volume:,0.000 ,Location:,
Acq. method:,calibration_method_iter7.amx,Type:,Sample
Processing method:,calibration_iter4.pmx,Sample amount:,0.00
Manually modified:,None
RT [min],Signal,Type,Area,Amount [ppm],Conc. [ppm],Name
1.195,TCD1A,BV  ,49.87748,1792.813,1792.813,hydrogen

Sample name:,sweep_hydrogen
Operator:,SYSTEM (SYSTEM),Data file:,sweep_hydrogen001-2024-04-30 13-00-42-04-00-r040.dx
Instrument:,Angie C.,Injection date:,2024-04-30 13:00:55-04:00
Inj. volume:,0.000 ,Location:,
Acq. method:,calibration_method_iter7.amx,Type:,Sample
Processing method:,calibration_iter4.pmx,Sample amount:,0.00
Manually modified:,None
RT [min],Signal,Type,Area,Amount [ppm],Conc. [ppm],Name
1.194,TCD1A,VV  ,49.53206,1780.277,1780.277,hydrogen

Sample name:,sweep_hydrogen
Operator:,SYSTEM (SYSTEM),Data file:,sweep_hydrogen001-2024-04-30 13-03-35-04-00-r041.dx
Instrument:,Angie C.,Injection date:,2024-04-30 13:03:49-04:00
Inj. volume:,0.000 ,Location:,
Acq. method:,calibration_method_iter7.amx,Type:,Sample
Processing method:,calibration_iter4.pmx,Sample amount:,0.00
Manually modified:,None
RT [min],Signal,Type,Area,Amount [ppm],Conc. [ppm],Name
1.199,TCD1A,VV  ,49.59839,1782.684,1782.684,hydrogen

Sample name:,sweep_hydrogen
Operator:,SYSTEM (SYSTEM),Data file:,sweep_hydrogen001-2024-04-30 13-06-31-04-00-r042.dx
Instrument:,Angie C.,Injection date:,2024-04-30 13:06:46-04:00
Inj. volume:,0.000 ,Location:,
Acq. method:,calibration_method_iter7.amx,Type:,Sample
Processing method:,calibration_iter4.pmx,Sample amount:,0.00
Manually modified:,None
RT [min],Signal,Type,Area,Amount [ppm],Conc. [ppm],Name
1.199,TCD1A,BV  ,49.77950,1789.257,1789.257,hydrogen

Sample name:,sweep_hydrogen
Operator:,SYSTEM (SYSTEM),Data file:,sweep_hydrogen001-2024-04-30 13-09-27-04-00-r043.dx
Instrument:,Angie C.,Injection date:,2024-04-30 13:09:41-04:00
Inj. volume:,0.000 ,Location:,
Acq. method:,calibration_method_iter7.amx,Type:,Sample
Processing method:,calibration_iter4.pmx,Sample amount:,0.00
Manually modified:,None
RT [min],Signal,Type,Area,Amount [ppm],Conc. [ppm],Name
1.195,TCD1A,BV  ,50.03929,1798.685,1798.685,hydrogen

Sample name:,sweep_hydrogen
Operator:,SYSTEM (SYSTEM),Data file:,sweep_hydrogen001-2024-04-30 13-12-21-04-00-r044.dx
Instrument:,Angie C.,Injection date:,2024-04-30 13:12:35-04:00
Inj. volume:,0.000 ,Location:,
Acq. method:,calibration_method_iter7.amx,Type:,Sample
Processing method:,calibration_iter4.pmx,Sample amount:,0.00
Manually modified:,None
RT [min],Signal,Type,Area,Amount [ppm],Conc. [ppm],Name
1.196,TCD1A,BV  ,49.93088,1794.751,1794.751,hydrogen

Sample name:,sweep_hydrogen
Operator:,SYSTEM (SYSTEM),Data file:,sweep_hydrogen001-2024-04-30 13-15-17-04-00-r045.dx
Instrument:,Angie C.,Injection date:,2024-04-30 13:15:32-04:00
Inj. volume:,0.000 ,Location:,
Acq. method:,calibration_method_iter7.amx,Type:,Sample
Processing method:,calibration_iter4.pmx,Sample amount:,0.00
Manually modified:,None
RT [min],Signal,Type,Area,Amount [ppm],Conc. [ppm],Name
1.199,TCD1A,VV  ,50.03179,1798.413,1798.413,hydrogen

Sample name:,sweep_hydrogen
Operator:,SYSTEM (SYSTEM),Data file:,sweep_hydrogen001-2024-04-30 13-18-14-04-00-r046.dx
Instrument:,Angie C.,Injection date:,2024-04-30 13:18:27-04:00
Inj. volume:,0.000 ,Location:,
Acq. method:,calibration_method_iter7.amx,Type:,Sample
Processing method:,calibration_iter4.pmx,Sample amount:,0.00
Manually modified:,None
RT [min],Signal,Type,Area,Amount [ppm],Conc. [ppm],Name
1.193,TCD1A,VV  ,50.31857,1808.820,1808.820,hydrogen

Sample name:,sweep_hydrogen
Operator:,SYSTEM (SYSTEM),Data file:,sweep_hydrogen001-2024-04-30 13-21-07-04-00-r047.dx
Instrument:,Angie C.,Injection date:,2024-04-30 13:21:21-04:00
Inj. volume:,0.000 ,Location:,
Acq. method:,calibration_method_iter7.amx,Type:,Sample
Processing method:,calibration_iter4.pmx,Sample amount:,0.00
Manually modified:,None
RT [min],Signal,Type,Area,Amount [ppm],Conc. [ppm],Name
1.194,TCD1A,BV  ,50.05715,1799.333,1799.333,hydrogen

Sample name:,sweep_hydrogen
Operator:,SYSTEM (SYSTEM),Data file:,sweep_hydrogen001-2024-04-30 13-24-01-04-00-r048.dx
Instrument:,Angie C.,Injection date:,2024-04-30 13:24:15-04:00
Inj. volume:,0.000 ,Location:,
Acq. method:,calibration_method_iter7.amx,Type:,Sample
Processing method:,calibration_iter4.pmx,Sample amount:,0.00
Manually modified:,None
RT [min],Signal,Type,Area,Amount [ppm],Conc. [ppm],Name
1.195,TCD1A,BV  ,50.06595,1799.652,1799.652,hydrogen

Sample name:,sweep_hydrogen
Operator:,SYSTEM (SYSTEM),Data file:,sweep_hydrogen001-2024-04-30 13-26-54-04-00-r049.dx
Instrument:,Angie C.,Injection date:,2024-04-30 13:27:09-04:00
Inj. volume:,0.000 ,Location:,
Acq. method:,calibration_method_iter7.amx,Type:,Sample
Processing method:,calibration_iter4.pmx,Sample amount:,0.00
Manually modified:,None
RT [min],Signal,Type,Area,Amount [ppm],Conc. [ppm],Name
1.196,TCD1A,VV  ,50.16337,1803.188,1803.188,hydrogen

Sample name:,sweep_hydrogen
Operator:,SYSTEM (SYSTEM),Data file:,sweep_hydrogen001-2024-04-30 13-29-49-04-00-r050.dx
Instrument:,Angie C.,Injection date:,2024-04-30 13:30:03-04:00
Inj. volume:,0.000 ,Location:,
Acq. method:,calibration_method_iter7.amx,Type:,Sample
Processing method:,calibration_iter4.pmx,Sample amount:,0.00
Manually modified:,None
RT [min],Signal,Type,Area,Amount [ppm],Conc. [ppm],Name
1.195,TCD1A,BV  ,49.96823,1796.106,1796.106,hydrogen

Sample name:,sweep_hydrogen
Operator:,SYSTEM (SYSTEM),Data file:,sweep_hydrogen001-2024-04-30 13-32-43-04-00-r051.dx
Instrument:,Angie C.,Injection date:,2024-04-30 13:32:57-04:00
Inj. volume:,0.000 ,Location:,
Acq. method:,calibration_method_iter7.amx,Type:,Sample
Processing method:,calibration_iter4.pmx,Sample amount:,0.00
Manually modified:,None
RT [min],Signal,Type,Area,Amount [ppm],Conc. [ppm],Name
1.195,TCD1A,VV  ,50.12258,1801.708,1801.708,hydrogen

Sample name:,sweep_hydrogen
Operator:,SYSTEM (SYSTEM),Data file:,sweep_hydrogen001-2024-04-30 13-35-39-04-00-r052.dx
Instrument:,Angie C.,Injection date:,2024-04-30 13:35:54-04:00
Inj. volume:,0.000 ,Location:,
Acq. method:,calibration_method_iter7.amx,Type:,Sample
Processing method:,calibration_iter4.pmx,Sample amount:,0.00
Manually modified:,None
RT [min],Signal,Type,Area,Amount [ppm],Conc. [ppm],Name
1.197,TCD1A,BV  ,49.86174,1792.242,1792.242,hydrogen

Sample name:,sweep_hydrogen
Operator:,SYSTEM (SYSTEM),Data file:,sweep_hydrogen001-2024-04-30 13-38-34-04-00-r053.dx
Instrument:,Angie C.,Injection date:,2024-04-30 13:38:47-04:00
Inj. volume:,0.000 ,Location:,
Acq. method:,calibration_method_iter7.amx,Type:,Sample
Processing method:,calibration_iter4.pmx,Sample amount:,0.00
Manually modified:,None
RT [min],Signal,Type,Area,Amount [ppm],Conc. [ppm],Name
1.193,TCD1A,BV  ,50.64541,1820.682,1820.682,hydrogen

Sample name:,sweep_hydrogen
Operator:,SYSTEM (SYSTEM),Data file:,sweep_hydrogen001-2024-04-30 13-41-29-04-00-r054.dx
Instrument:,Angie C.,Injection date:,2024-04-30 13:41:42-04:00
Inj. volume:,0.000 ,Location:,
Acq. method:,calibration_method_iter7.amx,Type:,Sample
Processing method:,calibration_iter4.pmx,Sample amount:,0.00
Manually modified:,None
RT [min],Signal,Type,Area,Amount [ppm],Conc. [ppm],Name
1.196,TCD1A,BB  ,50.31924,1808.844,1808.844,hydrogen

Sample name:,sweep_hydrogen
Operator:,SYSTEM (SYSTEM),Data file:,sweep_hydrogen001-2024-04-30 13-44-23-04-00-r055.dx
Instrument:,Angie C.,Injection date:,2024-04-30 13:44:37-04:00
Inj. volume:,0.000 ,Location:,
Acq. method:,calibration_method_iter7.amx,Type:,Sample
Processing method:,calibration_iter4.pmx,Sample amount:,0.00
Manually modified:,None
RT [min],Signal,Type,Area,Amount [ppm],Conc. [ppm],Name
1.197,TCD1A,VV  ,50.46497,1814.133,1814.133,hydrogen

Sample name:,sweep_hydrogen
Operator:,SYSTEM (SYSTEM),Data file:,sweep_hydrogen001-2024-04-30 13-47-18-04-00-r056.dx
Instrument:,Angie C.,Injection date:,2024-04-30 13:47:33-04:00
Inj. volume:,0.000 ,Location:,
Acq. method:,calibration_method_iter7.amx,Type:,Sample
Processing method:,calibration_iter4.pmx,Sample amount:,0.00
Manually modified:,None
RT [min],Signal,Type,Area,Amount [ppm],Conc. [ppm],Name
1.197,TCD1A,VV  ,50.70710,1822.920,1822.920,hydrogen

Sample name:,sweep_hydrogen
Operator:,SYSTEM (SYSTEM),Data file:,sweep_hydrogen001-2024-04-30 13-50-15-04-00-r057.dx
Instrument:,Angie C.,Injection date:,2024-04-30 13:50:28-04:00
Inj. volume:,0.000 ,Location:,
Acq. method:,calibration_method_iter7.amx,Type:,Sample
Processing method:,calibration_iter4.pmx,Sample amount:,0.00
Manually modified:,None
RT [min],Signal,Type,Area,Amount [ppm],Conc. [ppm],Name
1.196,TCD1A,VV  ,50.30117,1808.189,1808.189,hydrogen

Sample name:,sweep_hydrogen
Operator:,SYSTEM (SYSTEM),Data file:,sweep_hydrogen001-2024-04-30 13-53-10-04-00-r058.dx
Instrument:,Angie C.,Injection date:,2024-04-30 13:53:24-04:00
Inj. volume:,0.000 ,Location:,
Acq. method:,calibration_method_iter7.amx,Type:,Sample
Processing method:,calibration_iter4.pmx,Sample amount:,0.00
Manually modified:,None
RT [min],Signal,Type,Area,Amount [ppm],Conc. [ppm],Name
1.197,TCD1A,VV  ,50.44778,1813.509,1813.509,hydrogen

Sample name:,sweep_hydrogen
Operator:,SYSTEM (SYSTEM),Data file:,sweep_hydrogen001-2024-04-30 13-56-07-04-00-r059.dx
Instrument:,Angie C.,Injection date:,2024-04-30 13:56:18-04:00
Inj. volume:,0.000 ,Location:,
Acq. method:,calibration_method_iter7.amx,Type:,Sample
Processing method:,calibration_iter4.pmx,Sample amount:,0.00
Manually modified:,None
RT [min],Signal,Type,Area,Amount [ppm],Conc. [ppm],Name
1.195,TCD1A,VV  ,50.21585,1805.093,1805.093,hydrogen

Sample name:,sweep_hydrogen
Operator:,SYSTEM (SYSTEM),Data file:,sweep_hydrogen001-2024-04-30 13-58-59-04-00-r060.dx
Instrument:,Angie C.,Injection date:,2024-04-30 13:59:13-04:00
Inj. volume:,0.000 ,Location:,
Acq. method:,calibration_method_iter7.amx,Type:,Sample
Processing method:,calibration_iter4.pmx,Sample amount:,0.00
Manually modified:,None
RT [min],Signal,Type,Area,Amount [ppm],Conc. [ppm],Name
1.195,TCD1A,VV  ,50.51338,1815.890,1815.890,hydrogen

Sample name:,sweep_hydrogen
Operator:,SYSTEM (SYSTEM),Data file:,sweep_hydrogen001-2024-04-30 14-01-54-04-00-r061.dx
Instrument:,Angie C.,Injection date:,2024-04-30 14:02:07-04:00
Inj. volume:,0.000 ,Location:,
Acq. method:,calibration_method_iter7.amx,Type:,Sample
Processing method:,calibration_iter4.pmx,Sample amount:,0.00
Manually modified:,None
RT [min],Signal,Type,Area,Amount [ppm],Conc. [ppm],Name
1.196,TCD1A,BV  ,50.17502,1803.611,1803.611,hydrogen

Sample name:,sweep_hydrogen
Operator:,SYSTEM (SYSTEM),Data file:,sweep_hydrogen001-2024-04-30 14-04-50-04-00-r062.dx
Instrument:,Angie C.,Injection date:,2024-04-30 14:05:03-04:00
Inj. volume:,0.000 ,Location:,
Acq. method:,calibration_method_iter7.amx,Type:,Sample
Processing method:,calibration_iter4.pmx,Sample amount:,0.00
Manually modified:,None
RT [min],Signal,Type,Area,Amount [ppm],Conc. [ppm],Name
1.197,TCD1A,VV  ,50.62563,1819.964,1819.964,hydrogen

Sample name:,sweep_hydrogen
Operator:,SYSTEM (SYSTEM),Data file:,sweep_hydrogen001-2024-04-30 14-07-44-04-00-r063.dx
Instrument:,Angie C.,Injection date:,2024-04-30 14:07:59-04:00
Inj. volume:,0.000 ,Location:,
Acq. method:,calibration_method_iter7.amx,Type:,Sample
Processing method:,calibration_iter4.pmx,Sample amount:,0.00
Manually modified:,None
RT [min],Signal,Type,Area,Amount [ppm],Conc. [ppm],Name
1.198,TCD1A,VV  ,50.35479,1810.135,1810.135,hydrogen

Sample name:,sweep_hydrogen
Operator:,SYSTEM (SYSTEM),Data file:,sweep_hydrogen001-2024-04-30 14-10-40-04-00-r064.dx
Instrument:,Angie C.,Injection date:,2024-04-30 14:10:55-04:00
Inj. volume:,0.000 ,Location:,
Acq. method:,calibration_method_iter7.amx,Type:,Sample
Processing method:,calibration_iter4.pmx,Sample amount:,0.00
Manually modified:,None
RT [min],Signal,Type,Area,Amount [ppm],Conc. [ppm],Name
1.198,TCD1A,BV  ,50.30405,1808.293,1808.293,hydrogen

Sample name:,sweep_hydrogen
Operator:,SYSTEM (SYSTEM),Data file:,sweep_hydrogen001-2024-04-30 14-13-36-04-00-r065.dx
Instrument:,Angie C.,Injection date:,2024-04-30 14:13:51-04:00
Inj. volume:,0.000 ,Location:,
Acq. method:,calibration_method_iter7.amx,Type:,Sample
Processing method:,calibration_iter4.pmx,Sample amount:,0.00
Manually modified:,None
RT [min],Signal,Type,Area,Amount [ppm],Conc. [ppm],Name
1.197,TCD1A,BV  ,50.40200,1811.848,1811.848,hydrogen

Sample name:,sweep_hydrogen
Operator:,SYSTEM (SYSTEM),Data file:,sweep_hydrogen001-2024-04-30 14-16-33-04-00-r066.dx
Instrument:,Angie C.,Injection date:,2024-04-30 14:16:46-04:00
Inj. volume:,0.000 ,Location:,
Acq. method:,calibration_method_iter7.amx,Type:,Sample
Processing method:,calibration_iter4.pmx,Sample amount:,0.00
Manually modified:,None
RT [min],Signal,Type,Area,Amount [ppm],Conc. [ppm],Name
1.195,TCD1A,BV  ,50.47299,1814.424,1814.424,hydrogen

Sample name:,sweep_hydrogen
Operator:,SYSTEM (SYSTEM),Data file:,sweep_hydrogen001-2024-04-30 14-19-27-04-00-r067.dx
Instrument:,Angie C.,Injection date:,2024-04-30 14:19:42-04:00
Inj. volume:,0.000 ,Location:,
Acq. method:,calibration_method_iter7.amx,Type:,Sample
Processing method:,calibration_iter4.pmx,Sample amount:,0.00
Manually modified:,None
RT [min],Signal,Type,Area,Amount [ppm],Conc. [ppm],Name
1.199,TCD1A,BV  ,50.68492,1822.115,1822.115,hydrogen

Sample name:,sweep_hydrogen
Operator:,SYSTEM (SYSTEM),Data file:,sweep_hydrogen001-2024-04-30 14-22-24-04-00-r068.dx
Instrument:,Angie C.,Injection date:,2024-04-30 14:22:38-04:00
Inj. volume:,0.000 ,Location:,
Acq. method:,calibration_method_iter7.amx,Type:,Sample
Processing method:,calibration_iter4.pmx,Sample amount:,0.00
Manually modified:,None
RT [min],Signal,Type,Area,Amount [ppm],Conc. [ppm],Name
1.195,TCD1A,VV  ,50.55819,1817.516,1817.516,hydrogen

Sample name:,sweep_hydrogen
Operator:,SYSTEM (SYSTEM),Data file:,sweep_hydrogen001-2024-04-30 14-25-18-04-00-r069.dx
Instrument:,Angie C.,Injection date:,2024-04-30 14:25:33-04:00
Inj. volume:,0.000 ,Location:,
Acq. method:,calibration_method_iter7.amx,Type:,Sample
Processing method:,calibration_iter4.pmx,Sample amount:,0.00
Manually modified:,None
RT [min],Signal,Type,Area,Amount [ppm],Conc. [ppm],Name
1.197,TCD1A,BV  ,50.91746,1830.554,1830.554,hydrogen

Sample name:,sweep_hydrogen
Operator:,SYSTEM (SYSTEM),Data file:,sweep_hydrogen001-2024-04-30 14-28-14-04-00-r070.dx
Instrument:,Angie C.,Injection date:,2024-04-30 14:28:28-04:00
Inj. volume:,0.000 ,Location:,
Acq. method:,calibration_method_iter7.amx,Type:,Sample
Processing method:,calibration_iter4.pmx,Sample amount:,0.00
Manually modified:,None
RT [min],Signal,Type,Area,Amount [ppm],Conc. [ppm],Name
1.195,TCD1A,BV  ,50.74453,1824.279,1824.279,hydrogen

Sample name:,sweep_hydrogen
Operator:,SYSTEM (SYSTEM),Data file:,sweep_hydrogen001-2024-04-30 14-31-07-04-00-r071.dx
Instrument:,Angie C.,Injection date:,2024-04-30 14:31:23-04:00
Inj. volume:,0.000 ,Location:,
Acq. method:,calibration_method_iter7.amx,Type:,Sample
Processing method:,calibration_iter4.pmx,Sample amount:,0.00
Manually modified:,None
RT [min],Signal,Type,Area,Amount [ppm],Conc. [ppm],Name
1.197,TCD1A,BV  ,50.34080,1809.627,1809.627,hydrogen

Sample name:,sweep_hydrogen
Operator:,SYSTEM (SYSTEM),Data file:,snapshot-20240430 143648-sweep_hydrogen001-2024-04-30 14-34-04-04-00-r072.dx
Instrument:,Angie C.,Injection date:,2024-04-30 14:34:18-04:00
Inj. volume:,0.000 ,Location:,
Acq. method:,calibration_method_iter7.amx,Type:,Sample
Processing method:,calibration_iter4.pmx,Sample amount:,0.00
Manually modified:,None
RT [min],Signal,Type,Area,Amount [ppm],Conc. [ppm],Name
1.197,TCD1A,BV  ,50.66225,1821.293,1821.293,hydrogen

Method Summary
Processing method:,calibration_iter4.pmx
Method version:,2024-0419-1826-16589
Line#,Location,Sample  Name,Injection modified,Acq. Method,ACQ Method Version
1,,sweep_hydrogen,2024-04-30 14:37:11-04:00,calibration_method_iter7.amx,2024-0216-1622-53858
,,sweep_hydrogen,2024-04-30 14:37:11-04:00,calibration_method_iter7.amx,2024-0216-1622-53858
,,sweep_hydrogen,2024-04-30 14:37:11-04:00,calibration_method_iter7.amx,2024-0216-1622-53858
,,sweep_hydrogen,2024-04-30 14:37:11-04:00,calibration_method_iter7.amx,2024-0216-1622-53858
,,sweep_hydrogen,2024-04-30 14:37:11-04:00,calibration_method_iter7.amx,2024-0216-1622-53858
,,sweep_hydrogen,2024-04-30 14:37:11-04:00,calibration_method_iter7.amx,2024-0216-1622-53858
,,sweep_hydrogen,2024-04-30 14:37:11-04:00,calibration_method_iter7.amx,2024-0216-1622-53858
,,sweep_hydrogen,2024-04-30 14:37:11-04:00,calibration_method_iter7.amx,2024-0216-1622-53858
,,sweep_hydrogen,2024-04-30 14:37:11-04:00,calibration_method_iter7.amx,2024-0216-1622-53858
,,sweep_hydrogen,2024-04-30 14:37:11-04:00,calibration_method_iter7.amx,2024-0216-1622-53858
,,sweep_hydrogen,2024-04-30 14:37:11-04:00,calibration_method_iter7.amx,2024-0216-1622-53858
,,sweep_hydrogen,2024-04-30 14:37:11-04:00,calibration_method_iter7.amx,2024-0216-1622-53858
,,sweep_hydrogen,2024-04-30 14:37:11-04:00,calibration_method_iter7.amx,2024-0216-1622-53858
,,sweep_hydrogen,2024-04-30 14:37:11-04:00,calibration_method_iter7.amx,2024-0216-1622-53858
,,sweep_hydrogen,2024-04-30 14:37:11-04:00,calibration_method_iter7.amx,2024-0216-1622-53858
,,sweep_hydrogen,2024-04-30 14:37:11-04:00,calibration_method_iter7.amx,2024-0216-1622-53858
,,sweep_hydrogen,2024-04-30 14:37:11-04:00,calibration_method_iter7.amx,2024-0216-1622-53858
,,sweep_hydrogen,2024-04-30 14:37:11-04:00,calibration_method_iter7.amx,2024-0216-1622-53858
,,sweep_hydrogen,2024-04-30 14:37:11-04:00,calibration_method_iter7.amx,2024-0216-1622-53858
,,sweep_hydrogen,2024-04-30 14:37:11-04:00,calibration_method_iter7.amx,2024-0216-1622-53858
,,sweep_hydrogen,2024-04-30 14:37:11-04:00,calibration_method_iter7.amx,2024-0216-1622-53858
,,sweep_hydrogen,2024-04-30 14:37:11-04:00,calibration_method_iter7.amx,2024-0216-1622-53858
,,sweep_hydrogen,2024-04-30 14:37:11-04:00,calibration_method_iter7.amx,2024-0216-1622-53858
,,sweep_hydrogen,2024-04-30 14:37:11-04:00,calibration_method_iter7.amx,2024-0216-1622-53858
,,sweep_hydrogen,2024-04-30 14:37:11-04:00,calibration_method_iter7.amx,2024-0216-1622-53858
,,sweep_hydrogen,2024-04-30 14:37:11-04:00,calibration_method_iter7.amx,2024-0216-1622-53858
,,sweep_hydrogen,2024-04-30 14:37:11-04:00,calibration_method_iter7.amx,2024-0216-1622-53858
,,sweep_hydrogen,2024-04-30 14:37:11-04:00,calibration_method_iter7.amx,2024-0216-1622-53858
,,sweep_hydrogen,2024-04-30 14:37:11-04:00,calibration_method_iter7.amx,2024-0216-1622-53858
,,sweep_hydrogen,2024-04-30 14:37:11-04:00,calibration_method_iter7.amx,2024-0216-1622-53858
,,sweep_hydrogen,2024-04-30 14:37:11-04:00,calibration_method_iter7.amx,2024-0216-1622-53858
,,sweep_hydrogen,2024-04-30 14:37:11-04:00,calibration_method_iter7.amx,2024-0216-1622-53858
,,sweep_hydrogen,2024-04-30 14:37:11-04:00,calibration_method_iter7.amx,2024-0216-1622-53858
,,sweep_hydrogen,2024-04-30 14:37:11-04:00,calibration_method_iter7.amx,2024-0216-1622-53858
,,sweep_hydrogen,2024-04-30 14:37:11-04:00,calibration_method_iter7.amx,2024-0216-1622-53858
,,sweep_hydrogen,2024-04-30 14:37:11-04:00,calibration_method_iter7.amx,2024-0216-1622-53858
,,sweep_hydrogen,2024-04-30 14:37:11-04:00,calibration_method_iter7.amx,2024-0216-1622-53858
,,sweep_hydrogen,2024-04-30 14:37:11-04:00,calibration_method_iter7.amx,2024-0216-1622-53858
,,sweep_hydrogen,2024-04-30 14:37:11-04:00,calibration_method_iter7.amx,2024-0216-1622-53858
,,sweep_hydrogen,2024-04-30 14:37:11-04:00,calibration_method_iter7.amx,2024-0216-1622-53858
,,sweep_hydrogen,2024-04-30 14:37:11-04:00,calibration_method_iter7.amx,2024-0216-1622-53858
,,sweep_hydrogen,2024-04-30 14:37:11-04:00,calibration_method_iter7.amx,2024-0216-1622-53858
,,sweep_hydrogen,2024-04-30 14:37:11-04:00,calibration_method_iter7.amx,2024-0216-1622-53858
,,sweep_hydrogen,2024-04-30 14:37:11-04:00,calibration_method_iter7.amx,2024-0216-1622-53858
,,sweep_hydrogen,2024-04-30 14:37:11-04:00,calibration_method_iter7.amx,2024-0216-1622-53858
,,sweep_hydrogen,2024-04-30 14:37:11-04:00,calibration_method_iter7.amx,2024-0216-1622-53858
,,sweep_hydrogen,2024-04-30 14:37:11-04:00,calibration_method_iter7.amx,2024-0216-1622-53858
,,sweep_hydrogen,2024-04-30 14:37:11-04:00,calibration_method_iter7.amx,2024-0216-1622-53858
,,sweep_hydrogen,2024-04-30 14:37:11-04:00,calibration_method_iter7.amx,2024-0216-1622-53858
,,sweep_hydrogen,2024-04-30 14:37:11-04:00,calibration_method_iter7.amx,2024-0216-1622-53858
,,sweep_hydrogen,2024-04-30 14:37:11-04:00,calibration_method_iter7.amx,2024-0216-1622-53858
,,sweep_hydrogen,2024-04-30 14:37:11-04:00,calibration_method_iter7.amx,2024-0216-1622-53858
,,sweep_hydrogen,2024-04-30 14:37:11-04:00,calibration_method_iter7.amx,2024-0216-1622-53858
,,sweep_hydrogen,2024-04-30 14:37:11-04:00,calibration_method_iter7.amx,2024-0216-1622-53858
,,sweep_hydrogen,2024-04-30 14:37:11-04:00,calibration_method_iter7.amx,2024-0216-1622-53858
,,sweep_hydrogen,2024-04-30 14:37:11-04:00,calibration_method_iter7.amx,2024-0216-1622-53858
,,sweep_hydrogen,2024-04-30 14:37:11-04:00,calibration_method_iter7.amx,2024-0216-1622-53858
,,sweep_hydrogen,2024-04-30 14:37:11-04:00,calibration_method_iter7.amx,2024-0216-1622-53858
,,sweep_hydrogen,2024-04-30 14:37:11-04:00,calibration_method_iter7.amx,2024-0216-1622-53858
,,sweep_hydrogen,2024-04-30 14:37:11-04:00,calibration_method_iter7.amx,2024-0216-1622-53858
,,sweep_hydrogen,2024-04-30 14:37:11-04:00,calibration_method_iter7.amx,2024-0216-1622-53858
,,sweep_hydrogen,2024-04-30 14:37:11-04:00,calibration_method_iter7.amx,2024-0216-1622-53858
,,sweep_hydrogen,2024-04-30 14:37:11-04:00,calibration_method_iter7.amx,2024-0216-1622-53858
,,sweep_hydrogen,2024-04-30 14:37:11-04:00,calibration_method_iter7.amx,2024-0216-1622-53858
,,sweep_hydrogen,2024-04-30 14:37:11-04:00,calibration_method_iter7.amx,2024-0216-1622-53858
,,sweep_hydrogen,2024-04-30 14:37:11-04:00,calibration_method_iter7.amx,2024-0216-1622-53858
,,sweep_hydrogen,2024-04-30 14:37:11-04:00,calibration_method_iter7.amx,2024-0216-1622-53858
,,sweep_hydrogen,2024-04-30 14:37:11-04:00,calibration_method_iter7.amx,2024-0216-1622-53858
,,sweep_hydrogen,2024-04-30 14:37:11-04:00,calibration_method_iter7.amx,2024-0216-1622-53858
,,sweep_hydrogen,2024-04-30 14:37:11-04:00,calibration_method_iter7.amx,2024-0216-1622-53858
,,sweep_hydrogen,2024-04-30 14:37:11-04:00,calibration_method_iter7.amx,2024-0216-1622-53858
,,sweep_hydrogen,2024-04-30 14:37:11-04:00,calibration_method_iter7.amx,2024-0216-1622-53858
Calibration standard statistics:
Compound:,hydrogen,Signal:,TCD1A
Statistic results not available
Sample statistics:
Compound:,hydrogen,Signal:,TCD1A
Line#,Injection Acquired Date,Sample Name,Location,Inj#,Type,RT [min],Amount [ppm],Concentration [ppm],Area
1,2024-04-30 11:15:55-04:00,sweep_hydrogen,,4,VV  ,1.197,2178.9122,2178.9122,60.517
1,2024-04-30 11:18:47-04:00,sweep_hydrogen,,5,BV  ,1.195,2011.8935,2011.8935,55.914
1,2024-04-30 11:21:42-04:00,sweep_hydrogen,,6,BV  ,1.195,2006.4773,2006.4773,55.765
1,2024-04-30 11:24:37-04:00,sweep_hydrogen,,7,BV  ,1.196,2011.2326,2011.2326,55.896
1,2024-04-30 11:27:31-04:00,sweep_hydrogen,,8,BV  ,1.195,2013.0486,2013.0486,55.946
1,2024-04-30 11:30:26-04:00,sweep_hydrogen,,9,BV  ,1.197,2011.2300,2011.2300,55.896
1,2024-04-30 11:33:22-04:00,sweep_hydrogen,,10,BV  ,1.198,1989.7284,1989.7284,55.304
1,2024-04-30 11:36:16-04:00,sweep_hydrogen,,11,VV  ,1.194,1992.0219,1992.0219,55.367
1,2024-04-30 11:39:10-04:00,sweep_hydrogen,,12,BV  ,1.197,2001.3568,2001.3568,55.624
1,2024-04-30 11:42:06-04:00,sweep_hydrogen,,13,BV  ,1.196,1997.0878,1997.0878,55.506
1,2024-04-30 11:45:03-04:00,sweep_hydrogen,,14,BV  ,1.198,2004.9969,2004.9969,55.724
1,2024-04-30 11:47:59-04:00,sweep_hydrogen,,15,BV  ,1.198,2010.0299,2010.0299,55.863
1,2024-04-30 11:50:54-04:00,sweep_hydrogen,,16,BV  ,1.197,2006.7479,2006.7479,55.773
1,2024-04-30 11:53:49-04:00,sweep_hydrogen,,17,VV  ,1.195,2021.4655,2021.4655,56.178
1,2024-04-30 11:56:43-04:00,sweep_hydrogen,,18,VV  ,1.195,2024.9028,2024.9028,56.273
1,2024-04-30 11:59:37-04:00,sweep_hydrogen,,19,BV  ,1.194,2019.4772,2019.4772,56.123
1,2024-04-30 12:02:32-04:00,sweep_hydrogen,,20,BV  ,1.197,1997.9845,1997.9845,55.531
1,2024-04-30 12:05:28-04:00,sweep_hydrogen,,21,BV  ,1.196,1901.9884,1901.9884,52.886
1,2024-04-30 12:08:24-04:00,sweep_hydrogen,,22,BV  ,1.197,1799.8138,1799.8138,50.070
1,2024-04-30 12:11:18-04:00,sweep_hydrogen,,23,BV  ,1.197,1741.2717,1741.2717,48.457
1,2024-04-30 12:14:13-04:00,sweep_hydrogen,,24,BV  ,1.196,1705.7223,1705.7223,47.478
1,2024-04-30 12:17:08-04:00,sweep_hydrogen,,25,VV  ,1.195,1715.5484,1715.5484,47.748
1,2024-04-30 12:20:02-04:00,sweep_hydrogen,,26,BV  ,1.194,1705.9369,1705.9369,47.484
1,2024-04-30 12:22:56-04:00,sweep_hydrogen,,27,BV  ,1.193,1728.9681,1728.9681,48.118
1,2024-04-30 12:25:52-04:00,sweep_hydrogen,,28,BV  ,1.197,1745.0010,1745.0010,48.560
1,2024-04-30 12:28:48-04:00,sweep_hydrogen,,29,BV  ,1.200,1738.3157,1738.3157,48.376
1,2024-04-30 12:31:45-04:00,sweep_hydrogen,,30,VV  ,1.195,1753.1338,1753.1338,48.784
1,2024-04-30 12:34:41-04:00,sweep_hydrogen,,31,BB  ,1.198,1758.5783,1758.5783,48.934
1,2024-04-30 12:37:35-04:00,sweep_hydrogen,,32,BV  ,1.196,1740.8913,1740.8913,48.447
1,2024-04-30 12:40:32-04:00,sweep_hydrogen,,33,BV  ,1.199,1751.9727,1751.9727,48.752
1,2024-04-30 12:43:27-04:00,sweep_hydrogen,,34,VV  ,1.195,1745.0916,1745.0916,48.563
1,2024-04-30 12:46:23-04:00,sweep_hydrogen,,35,BV  ,1.198,1767.8221,1767.8221,49.189
1,2024-04-30 12:49:17-04:00,sweep_hydrogen,,36,BV  ,1.194,1765.8177,1765.8177,49.134
1,2024-04-30 12:52:12-04:00,sweep_hydrogen,,37,BV  ,1.197,1767.5090,1767.5090,49.180
1,2024-04-30 12:55:06-04:00,sweep_hydrogen,,38,BV  ,1.196,1784.3643,1784.3643,49.645
1,2024-04-30 12:58:01-04:00,sweep_hydrogen,,39,BV  ,1.195,1792.8128,1792.8128,49.877
1,2024-04-30 13:00:55-04:00,sweep_hydrogen,,40,VV  ,1.194,1780.2773,1780.2773,49.532
1,2024-04-30 13:03:49-04:00,sweep_hydrogen,,41,VV  ,1.199,1782.6845,1782.6845,49.598
1,2024-04-30 13:06:46-04:00,sweep_hydrogen,,42,BV  ,1.199,1789.2572,1789.2572,49.780
1,2024-04-30 13:09:41-04:00,sweep_hydrogen,,43,BV  ,1.195,1798.6852,1798.6852,50.039
1,2024-04-30 13:12:35-04:00,sweep_hydrogen,,44,BV  ,1.196,1794.7509,1794.7509,49.931
1,2024-04-30 13:15:32-04:00,sweep_hydrogen,,45,VV  ,1.199,1798.4129,1798.4129,50.032
1,2024-04-30 13:18:27-04:00,sweep_hydrogen,,46,VV  ,1.193,1808.8203,1808.8203,50.319
1,2024-04-30 13:21:21-04:00,sweep_hydrogen,,47,BV  ,1.194,1799.3331,1799.3331,50.057
1,2024-04-30 13:24:15-04:00,sweep_hydrogen,,48,BV  ,1.195,1799.6524,1799.6524,50.066
1,2024-04-30 13:27:09-04:00,sweep_hydrogen,,49,VV  ,1.196,1803.1881,1803.1881,50.163
1,2024-04-30 13:30:03-04:00,sweep_hydrogen,,50,BV  ,1.195,1796.1064,1796.1064,49.968
1,2024-04-30 13:32:57-04:00,sweep_hydrogen,,51,VV  ,1.195,1801.7078,1801.7078,50.123
1,2024-04-30 13:35:54-04:00,sweep_hydrogen,,52,BV  ,1.197,1792.2418,1792.2418,49.862
1,2024-04-30 13:38:47-04:00,sweep_hydrogen,,53,BV  ,1.193,1820.6816,1820.6816,50.645
1,2024-04-30 13:41:42-04:00,sweep_hydrogen,,54,BB  ,1.196,1808.8445,1808.8445,50.319
1,2024-04-30 13:44:37-04:00,sweep_hydrogen,,55,VV  ,1.197,1814.1331,1814.1331,50.465
1,2024-04-30 13:47:33-04:00,sweep_hydrogen,,56,VV  ,1.197,1822.9201,1822.9201,50.707
1,2024-04-30 13:50:28-04:00,sweep_hydrogen,,57,VV  ,1.196,1808.1888,1808.1888,50.301
1,2024-04-30 13:53:24-04:00,sweep_hydrogen,,58,VV  ,1.197,1813.5095,1813.5095,50.448
1,2024-04-30 13:56:18-04:00,sweep_hydrogen,,59,VV  ,1.195,1805.0925,1805.0925,50.216
1,2024-04-30 13:59:13-04:00,sweep_hydrogen,,60,VV  ,1.195,1815.8900,1815.8900,50.513
1,2024-04-30 14:02:07-04:00,sweep_hydrogen,,61,BV  ,1.196,1803.6108,1803.6108,50.175
1,2024-04-30 14:05:03-04:00,sweep_hydrogen,,62,VV  ,1.197,1819.9638,1819.9638,50.626
1,2024-04-30 14:07:59-04:00,sweep_hydrogen,,63,VV  ,1.198,1810.1347,1810.1347,50.355
1,2024-04-30 14:10:55-04:00,sweep_hydrogen,,64,BV  ,1.198,1808.2934,1808.2934,50.304
1,2024-04-30 14:13:51-04:00,sweep_hydrogen,,65,BV  ,1.197,1811.8482,1811.8482,50.402
1,2024-04-30 14:16:46-04:00,sweep_hydrogen,,66,BV  ,1.195,1814.4242,1814.4242,50.473
1,2024-04-30 14:19:42-04:00,sweep_hydrogen,,67,BV  ,1.199,1822.1154,1822.1154,50.685
1,2024-04-30 14:22:38-04:00,sweep_hydrogen,,68,VV  ,1.195,1817.5163,1817.5163,50.558
1,2024-04-30 14:25:33-04:00,sweep_hydrogen,,69,BV  ,1.197,1830.5545,1830.5545,50.917
1,2024-04-30 14:28:28-04:00,sweep_hydrogen,,70,BV  ,1.195,1824.2788,1824.2788,50.745
1,2024-04-30 14:31:23-04:00,sweep_hydrogen,,71,BV  ,1.197,1809.6269,1809.6269,50.341
1,2024-04-30 14:34:18-04:00,sweep_hydrogen,,72,BV  ,1.197,1821.2926,1821.2926,50.662
,,,,,Average,1.196,1845.7564,1845.7564,51.336
,,,,,Standard Deviation,0.002,105.9163,105.9163,2.919
,,,,,RSD,0.128,5.7384,5.7384,5.685

Acquisition method:

Acquisition Method:,calibration_method_iter7.amx
Path:,C:\CDSProjects\HYPERION\Results\calibrations\2000ppm_detectability_350C_2024-04-30 11-06-45-04-00.rslt
1,Method Information
Last Saved As:,C:\CDSProjects\HYPERION\Methods\calibration_method_iter7.amx,Modified:,2024-04-05 10:07:46-04:00,Modifier:,SYSTEM (SYSTEM)
Created:,2024-02-16 11:22:53-05:00,Creator:,SYSTEM (SYSTEM),Description:,
Version:,2024-0216-1622-53858,Method Status:,Generic
2,GC
Module Display Name:,Agilent 8890,Module Type:,GC,Order:,1
2.1,GC Summary
Run Time:,2.5 min,Post Run Time:,0 min
2.2,Oven
Equilibration Time:,0 min,Max Temperature:,275 C,Maximum Temperature Override:,Enabled
Slow Fan:,Disabled
2.2.1,Temperature
Setpoint:,On,(Initial):,50 C,Hold Time:,2.5 min
Post Run:,0 C
2.3,Column
Column Outlet Pressure:,0 psi
2.3.1,Column #1
Column Information:,Agilent G3591-81022,Description:,MolSieve 5A,Temperature Range:,-1 C281 C (281 C)
Packed:,,Heater:,Oven,Column lock:,Unlocked
In:,PCM A ArMe,Out:,Front Detector TCD,Control Mode:,Constant Flow
2.3.1.1,Flow
Setpoint:,On,(Initial):,0 mL/min,Post Run:,1.1032E+06 mL/min
2.3.2,Column #2
Column Information:,Agilent G3591-81023,Description:,HayeSep Q,Temperature Range:,-1 C281 C (281 C)
Packed:,,Heater:,Oven,Column lock:,Unlocked
In:,PCM A ArMe,Out:,Other,Control Mode:,Constant Flow
2.3.2.1,Flow
Setpoint:,On,(Initial):,0 mL/min,Post Run:,1.1032E+06 mL/min
2.4,Front Detector TCD
Makeup:,N2,Heater:,On    150 C,Reference Flow:,On    10 mL/min
Makeup Flow:,On    5 mL/min,Carrier Gas Flow Correction:,Constant Makeup Flow,Filament:,On
Negative Polarity:,On,Blank Evaluation Setpoints:,,Perform Blank Evaluation Test:,Off
2.5,Detector Evaluation
Perform Detector Evaluation Test:,Off
2.6,Peak Evaluation
Perform Peak Evaluation Test:,Off
2.7,Valve 1
Switching Valve:,Off
2.8,Valve 10
Other:,Off
2.9,PCM A
2.9.1,PCM A ArMe
PCM A ArMe:,Supplies Column 1
2.9.2,Aux PCM A ArMe
Control Mode:,Forward Pressure,Aux PCM A ArMe:,(unused)
2.9.2.1,Pressure
Setpoint:,On,(Initial):,27 psi
2.10,Valve Box
Heater:,On    100 C
2.11,Signals
2.11.1,Signal #1:  Front Signal
Description:,Front Signal,Details:,Front Signal (TCD),Save:,On
Data Rate:,50 Hz,Dual Injection Assignment:,Front Sample,Zero Signal:,Zero @ 0 min
2.11.2,Signal #2: 
Description:,None
2.11.3,Signal #3: 
Description:,None
2.11.4,Signal #4: 
Description:,None
2.11.5,Signal #5: 
Description:,None
2.11.6,Signal #6: 
Description:,None
2.11.7,Signal #7: 
Description:,None
2.11.8,Signal #8: 
Description:,None
2.12,Run Time Events
Run Time Events
Time,Event,Position,Setpoint
0.1 min,Valve,Valve 1,On
1.5 min,Valve,Valve 1,Off
3,Method Properties
Instrument Technique:,Gas Chromatography
4,Schema version
Schema version:,2.3
Method Audit Trail
Method audit trail is not printed
Processing method:
Data Analysis Method:,calibration_iter4.pmx
Path:,C:\CDSProjects\HYPERION\Results\calibrations\2000ppm_detectability_350C_2024-04-30 11-06-45-04-00.rslt
1,Method Information
Last Saved As:,C:\CDSProjects\HYPERION\Results\calibrations\2000ppm_detectability_350C_2024-04-30 11-06-45-04-00.rslt\calibration_iter4.pmx,Modified:,2024-04-19 14:26:16-04:00,Modifier:,SYSTEM (SYSTEM)
Created:,2024-04-19 14:26:16-04:00,Creator:,SYSTEM (SYSTEM),Description:,
Version:,2024-0419-1826-16589,Method Status:,Generic,Type:,GC/LC Quantitative
2,Method Parameters
2.1,Signals
2.1.1,Blank Subtraction
Blank subtraction:,None,Used blank:,Defined in sequence,Specific blank path:,
Specific blank:,,Subtract blank if data rates are different:,No,Signal matching mode:,Perform blank subtraction if signal names match
2.1.2,Scaling
From time:,min,To time:,min,Use time axis:,No
From response:,,To response:,,Use response axis:,No
2.1.3,Chromatogram Smoothing
Smoothing algorithm:,None
2.2,ChemStation integrator
2.2.1,ChemStation integrator parameters
Tangent skim mode:,Standard,Baseline correction:,Advanced,Front peak skim height ratio:,0.00
Tail peak skim height ratio:,0.00,Skim valley ratio:,20.00,Peak to valley ratio:,500.00
2.2.1.1,Initial timed events
Use,Time,Event,Value
Yes,0.000 min,Slope sensitivity,1
Yes,0.000 min,Peak width,0.02
Yes,0.000 min,Area reject,0.5
Yes,0.000 min,Height reject,0.2
Yes,0.000 min,Shoulders mode,Off
Yes,0.000 min,Area% reject,0
2.3,Compound parameters
Include ISTD Amount:,No,Is normalized:,No,Apply correction factors to normalized concentrations:,No
Level count:,5,ISTD method:,No,Use time reference compounds:,No
Use RRT reference compounds:,No,Norm amount:,100.0,Norm amount unit:,%
Response factor calculation mode:,Response per amount,Use individual points:,No,Concentration calculation:,Amount * Multipliers * Dil. factor
Calculate mass %:,No,Allow level specific ISTD amounts:,No,Qualifier count:,2
Qualifier RT Window:,0.010 min,Qualifier response window:,20.0 percent,Response Window Type:,Relative
2.3.1,Expected compounds
2.3.1.1,Expected compound settings
Name:,hydrogen,Signal:,TCD1A,Exp. RT:,1.200 min
Absolute RT window:,0.000 min,Relative RT window:,5.000 percent,RT update:,Never
RT update factor:,50.000 percent,Factor:,1.000,Associated time ref.:,
Associated RRT reference:,,Relative retention time:,,Peak match:,Closest
Response Window Type:,Relative,Role:,None,Amount unit:,ppm
Concentration unit:,ppm,Use in normalization:,Yes,Multiplier:,1.00000
Response:,Area,Associated ISTD:,,ISTD amount:,
Calibration curve:,,Mode:,Curve,Weighting method:,None
Curve reference:,,Ref. correction:,1.00000,Curve model:,Linear
Origin:,Include,Response scaling:,None,Calibration amounts:,"49.50000, 486.00000, 1992.00000, 29100.00000"
Digits per level:,9,Sensitivity:,50,UV spectrum:,No
MS reference spectrum:,No
2.4,System Suitability
EP:,No,Column performance:,None,JP:,No
USP:,No,Signal to noise:,None,Noise calculation:,P2P
Use blank reference for noise:,on blank,Use blank reference for relative noise:,on blank,Calculate noise before or after peak:,before peak start
Range mode for Noise Selection:,Automatic,Noise range end time:,0.60,Noise range start time:,0.50
Noise range relative end time:,0.40,Noise range relative start time:,0.00,Overwrite column parameters:,No
Tangent calculation mode:,Standard
2.5,Custom calculations
Last imported file:,,Embedded file:,No,Created by:,
Creation date:,,Last modified by:,,Last modified date:,
File version:,,Custom calculations file:,
2.6,Reporting parameters
Use time axis:,No,Use response axis:,No,From time:,
To time:,,From response:,,To response:,
2.6.1,General reporting parameters
Row ID,Report #,Report template,Report file name,Report for sample types,Do print,Printer name,Do create file,Copy report location
1,1,calibration_report.rdl,<DX>_<R>,All sample types,No,Local Printer,Yes,Windows file system
2,2,SequenceSummary_Extended_Letter.rdl,<DX>_<R>_long,All sample types,No,Local Printer,Yes,Windows file system
Row ID,Report copy folder,Report selected signals,Report file type
1,C:\CDSProjects\HYPERION\Reports\,All signals,"pdf, csv, txt"
2,C:\CDSProjects\HYPERION\Reports\,All signals,"pdf, csv, txt"
3,Calibration curves
Calibration curves modification dates
Compound,Signal,Modification date
hydrogen,TCD1A,2024-04-19 14:18:59-04:00
Method Audit Trail
Method audit trail is not printed
