Sequence name:,dry_run_2024-04-23 10-58-32-04-00
Description:,
Acquisition date:,2024-04-23 10:58:32-04:00
Acquired by:,SYSTEM (SYSTEM)
Data path:,C:\CDSProjects\HYPERION\Results\dry runs\dry_run_2024-04-23 10-58-32-04-00.rslt
Approved by:,
Signature:,
Date:,

Sequence Table:,Bracketing Mode:,None
Seq. Line:,1
Location:,Sample name:,sweep_hydrogen,
Sample info:,"Dry run 03-04-2024 500C, 50psi upstream, 20sccm flow Hopefully doing the whole experiment now, starting with baking and ending with baking."
Acq. Method:,calibration_method_iter7.amx,Data file:,sweep_hydrogen001-2024-04-23 10-58-39-04-00-r001.dx
Injection #:,1 of 600,Inj. volume:,0.000 
Proc. Method:,calibration_iter4.pmx,Sample amount:,0.000
Sample type:,Sample,Dilution:,1
Calibration level:,,Multiplier:,1

Seq. Line:,1
Location:,Sample name:,sweep_hydrogen,
Sample info:,"Dry run 03-04-2024 500C, 50psi upstream, 20sccm flow Hopefully doing the whole experiment now, starting with baking and ending with baking."
Acq. Method:,calibration_method_iter7.amx,Data file:,sweep_hydrogen001-2024-04-23 11-01-30-04-00-r002.dx
Injection #:,2 of 600,Inj. volume:,0.000 
Proc. Method:,calibration_iter4.pmx,Sample amount:,0.000
Sample type:,Sample,Dilution:,1
Calibration level:,,Multiplier:,1

Seq. Line:,1
Location:,Sample name:,sweep_hydrogen,
Sample info:,"Dry run 03-04-2024 500C, 50psi upstream, 20sccm flow Hopefully doing the whole experiment now, starting with baking and ending with baking."
Acq. Method:,calibration_method_iter7.amx,Data file:,sweep_hydrogen001-2024-04-23 11-04-27-04-00-r003.dx
Injection #:,3 of 600,Inj. volume:,0.000 
Proc. Method:,calibration_iter4.pmx,Sample amount:,0.000
Sample type:,Sample,Dilution:,1
Calibration level:,,Multiplier:,1

Seq. Line:,1
Location:,Sample name:,sweep_hydrogen,
Sample info:,"Dry run 03-04-2024 500C, 50psi upstream, 20sccm flow Hopefully doing the whole experiment now, starting with baking and ending with baking."
Acq. Method:,calibration_method_iter7.amx,Data file:,sweep_hydrogen001-2024-04-23 11-07-21-04-00-r004.dx
Injection #:,4 of 600,Inj. volume:,0.000 
Proc. Method:,calibration_iter4.pmx,Sample amount:,0.000
Sample type:,Sample,Dilution:,1
Calibration level:,,Multiplier:,1

Seq. Line:,1
Location:,Sample name:,sweep_hydrogen,
Sample info:,"Dry run 03-04-2024 500C, 50psi upstream, 20sccm flow Hopefully doing the whole experiment now, starting with baking and ending with baking."
Acq. Method:,calibration_method_iter7.amx,Data file:,sweep_hydrogen001-2024-04-23 11-10-15-04-00-r005.dx
Injection #:,5 of 600,Inj. volume:,0.000 
Proc. Method:,calibration_iter4.pmx,Sample amount:,0.000
Sample type:,Sample,Dilution:,1
Calibration level:,,Multiplier:,1

Seq. Line:,1
Location:,Sample name:,sweep_hydrogen,
Sample info:,"Dry run 03-04-2024 500C, 50psi upstream, 20sccm flow Hopefully doing the whole experiment now, starting with baking and ending with baking."
Acq. Method:,calibration_method_iter7.amx,Data file:,sweep_hydrogen001-2024-04-23 11-13-11-04-00-r006.dx
Injection #:,6 of 600,Inj. volume:,0.000 
Proc. Method:,calibration_iter4.pmx,Sample amount:,0.000
Sample type:,Sample,Dilution:,1
Calibration level:,,Multiplier:,1

Seq. Line:,1
Location:,Sample name:,sweep_hydrogen,
Sample info:,"Dry run 03-04-2024 500C, 50psi upstream, 20sccm flow Hopefully doing the whole experiment now, starting with baking and ending with baking."
Acq. Method:,calibration_method_iter7.amx,Data file:,sweep_hydrogen001-2024-04-23 11-16-06-04-00-r007.dx
Injection #:,7 of 600,Inj. volume:,0.000 
Proc. Method:,calibration_iter4.pmx,Sample amount:,0.000
Sample type:,Sample,Dilution:,1
Calibration level:,,Multiplier:,1

Seq. Line:,1
Location:,Sample name:,sweep_hydrogen,
Sample info:,"Dry run 03-04-2024 500C, 50psi upstream, 20sccm flow Hopefully doing the whole experiment now, starting with baking and ending with baking."
Acq. Method:,calibration_method_iter7.amx,Data file:,sweep_hydrogen001-2024-04-23 11-19-01-04-00-r008.dx
Injection #:,8 of 600,Inj. volume:,0.000 
Proc. Method:,calibration_iter4.pmx,Sample amount:,0.000
Sample type:,Sample,Dilution:,1
Calibration level:,,Multiplier:,1

Seq. Line:,1
Location:,Sample name:,sweep_hydrogen,
Sample info:,"Dry run 03-04-2024 500C, 50psi upstream, 20sccm flow Hopefully doing the whole experiment now, starting with baking and ending with baking."
Acq. Method:,calibration_method_iter7.amx,Data file:,sweep_hydrogen001-2024-04-23 11-21-55-04-00-r009.dx
Injection #:,9 of 600,Inj. volume:,0.000 
Proc. Method:,calibration_iter4.pmx,Sample amount:,0.000
Sample type:,Sample,Dilution:,1
Calibration level:,,Multiplier:,1

Seq. Line:,1
Location:,Sample name:,sweep_hydrogen,
Sample info:,"Dry run 03-04-2024 500C, 50psi upstream, 20sccm flow Hopefully doing the whole experiment now, starting with baking and ending with baking."
Acq. Method:,calibration_method_iter7.amx,Data file:,sweep_hydrogen001-2024-04-23 11-24-53-04-00-r010.dx
Injection #:,10 of 600,Inj. volume:,0.000 
Proc. Method:,calibration_iter4.pmx,Sample amount:,0.000
Sample type:,Sample,Dilution:,1
Calibration level:,,Multiplier:,1

Seq. Line:,1
Location:,Sample name:,sweep_hydrogen,
Sample info:,"Dry run 03-04-2024 500C, 50psi upstream, 20sccm flow Hopefully doing the whole experiment now, starting with baking and ending with baking."
Acq. Method:,calibration_method_iter7.amx,Data file:,sweep_hydrogen001-2024-04-23 11-27-48-04-00-r011.dx
Injection #:,11 of 600,Inj. volume:,0.000 
Proc. Method:,calibration_iter4.pmx,Sample amount:,0.000
Sample type:,Sample,Dilution:,1
Calibration level:,,Multiplier:,1

Seq. Line:,1
Location:,Sample name:,sweep_hydrogen,
Sample info:,"Dry run 03-04-2024 500C, 50psi upstream, 20sccm flow Hopefully doing the whole experiment now, starting with baking and ending with baking."
Acq. Method:,calibration_method_iter7.amx,Data file:,sweep_hydrogen001-2024-04-23 11-30-45-04-00-r012.dx
Injection #:,12 of 600,Inj. volume:,0.000 
Proc. Method:,calibration_iter4.pmx,Sample amount:,0.000
Sample type:,Sample,Dilution:,1
Calibration level:,,Multiplier:,1

Seq. Line:,1
Location:,Sample name:,sweep_hydrogen,
Sample info:,"Dry run 03-04-2024 500C, 50psi upstream, 20sccm flow Hopefully doing the whole experiment now, starting with baking and ending with baking."
Acq. Method:,calibration_method_iter7.amx,Data file:,sweep_hydrogen001-2024-04-23 11-33-39-04-00-r013.dx
Injection #:,13 of 600,Inj. volume:,0.000 
Proc. Method:,calibration_iter4.pmx,Sample amount:,0.000
Sample type:,Sample,Dilution:,1
Calibration level:,,Multiplier:,1

Seq. Line:,1
Location:,Sample name:,sweep_hydrogen,
Sample info:,"Dry run 03-04-2024 500C, 50psi upstream, 20sccm flow Hopefully doing the whole experiment now, starting with baking and ending with baking."
Acq. Method:,calibration_method_iter7.amx,Data file:,sweep_hydrogen001-2024-04-23 11-36-34-04-00-r014.dx
Injection #:,14 of 600,Inj. volume:,0.000 
Proc. Method:,calibration_iter4.pmx,Sample amount:,0.000
Sample type:,Sample,Dilution:,1
Calibration level:,,Multiplier:,1

Seq. Line:,1
Location:,Sample name:,sweep_hydrogen,
Sample info:,"Dry run 03-04-2024 500C, 50psi upstream, 20sccm flow Hopefully doing the whole experiment now, starting with baking and ending with baking."
Acq. Method:,calibration_method_iter7.amx,Data file:,sweep_hydrogen001-2024-04-23 11-39-27-04-00-r015.dx
Injection #:,15 of 600,Inj. volume:,0.000 
Proc. Method:,calibration_iter4.pmx,Sample amount:,0.000
Sample type:,Sample,Dilution:,1
Calibration level:,,Multiplier:,1

Seq. Line:,1
Location:,Sample name:,sweep_hydrogen,
Sample info:,"Dry run 03-04-2024 500C, 50psi upstream, 20sccm flow Hopefully doing the whole experiment now, starting with baking and ending with baking."
Acq. Method:,calibration_method_iter7.amx,Data file:,sweep_hydrogen001-2024-04-23 11-42-23-04-00-r016.dx
Injection #:,16 of 600,Inj. volume:,0.000 
Proc. Method:,calibration_iter4.pmx,Sample amount:,0.000
Sample type:,Sample,Dilution:,1
Calibration level:,,Multiplier:,1

Seq. Line:,1
Location:,Sample name:,sweep_hydrogen,
Sample info:,"Dry run 03-04-2024 500C, 50psi upstream, 20sccm flow Hopefully doing the whole experiment now, starting with baking and ending with baking."
Acq. Method:,calibration_method_iter7.amx,Data file:,sweep_hydrogen001-2024-04-23 11-45-22-04-00-r017.dx
Injection #:,17 of 600,Inj. volume:,0.000 
Proc. Method:,calibration_iter4.pmx,Sample amount:,0.000
Sample type:,Sample,Dilution:,1
Calibration level:,,Multiplier:,1

Seq. Line:,1
Location:,Sample name:,sweep_hydrogen,
Sample info:,"Dry run 03-04-2024 500C, 50psi upstream, 20sccm flow Hopefully doing the whole experiment now, starting with baking and ending with baking."
Acq. Method:,calibration_method_iter7.amx,Data file:,sweep_hydrogen001-2024-04-23 11-48-18-04-00-r018.dx
Injection #:,18 of 600,Inj. volume:,0.000 
Proc. Method:,calibration_iter4.pmx,Sample amount:,0.000
Sample type:,Sample,Dilution:,1
Calibration level:,,Multiplier:,1

Seq. Line:,1
Location:,Sample name:,sweep_hydrogen,
Sample info:,"Dry run 03-04-2024 500C, 50psi upstream, 20sccm flow Hopefully doing the whole experiment now, starting with baking and ending with baking."
Acq. Method:,calibration_method_iter7.amx,Data file:,sweep_hydrogen001-2024-04-23 11-51-13-04-00-r019.dx
Injection #:,19 of 600,Inj. volume:,0.000 
Proc. Method:,calibration_iter4.pmx,Sample amount:,0.000
Sample type:,Sample,Dilution:,1
Calibration level:,,Multiplier:,1

Seq. Line:,1
Location:,Sample name:,sweep_hydrogen,
Sample info:,"Dry run 03-04-2024 500C, 50psi upstream, 20sccm flow Hopefully doing the whole experiment now, starting with baking and ending with baking."
Acq. Method:,calibration_method_iter7.amx,Data file:,sweep_hydrogen001-2024-04-23 11-54-06-04-00-r020.dx
Injection #:,20 of 600,Inj. volume:,0.000 
Proc. Method:,calibration_iter4.pmx,Sample amount:,0.000
Sample type:,Sample,Dilution:,1
Calibration level:,,Multiplier:,1

Seq. Line:,1
Location:,Sample name:,sweep_hydrogen,
Sample info:,"Dry run 03-04-2024 500C, 50psi upstream, 20sccm flow Hopefully doing the whole experiment now, starting with baking and ending with baking."
Acq. Method:,calibration_method_iter7.amx,Data file:,sweep_hydrogen001-2024-04-23 11-57-01-04-00-r021.dx
Injection #:,21 of 600,Inj. volume:,0.000 
Proc. Method:,calibration_iter4.pmx,Sample amount:,0.000
Sample type:,Sample,Dilution:,1
Calibration level:,,Multiplier:,1

Seq. Line:,1
Location:,Sample name:,sweep_hydrogen,
Sample info:,"Dry run 03-04-2024 500C, 50psi upstream, 20sccm flow Hopefully doing the whole experiment now, starting with baking and ending with baking."
Acq. Method:,calibration_method_iter7.amx,Data file:,sweep_hydrogen001-2024-04-23 11-59-56-04-00-r022.dx
Injection #:,22 of 600,Inj. volume:,0.000 
Proc. Method:,calibration_iter4.pmx,Sample amount:,0.000
Sample type:,Sample,Dilution:,1
Calibration level:,,Multiplier:,1

Seq. Line:,1
Location:,Sample name:,sweep_hydrogen,
Sample info:,"Dry run 03-04-2024 500C, 50psi upstream, 20sccm flow Hopefully doing the whole experiment now, starting with baking and ending with baking."
Acq. Method:,calibration_method_iter7.amx,Data file:,sweep_hydrogen001-2024-04-23 12-02-51-04-00-r023.dx
Injection #:,23 of 600,Inj. volume:,0.000 
Proc. Method:,calibration_iter4.pmx,Sample amount:,0.000
Sample type:,Sample,Dilution:,1
Calibration level:,,Multiplier:,1

Seq. Line:,1
Location:,Sample name:,sweep_hydrogen,
Sample info:,"Dry run 03-04-2024 500C, 50psi upstream, 20sccm flow Hopefully doing the whole experiment now, starting with baking and ending with baking."
Acq. Method:,calibration_method_iter7.amx,Data file:,sweep_hydrogen001-2024-04-23 12-05-46-04-00-r024.dx
Injection #:,24 of 600,Inj. volume:,0.000 
Proc. Method:,calibration_iter4.pmx,Sample amount:,0.000
Sample type:,Sample,Dilution:,1
Calibration level:,,Multiplier:,1

Seq. Line:,1
Location:,Sample name:,sweep_hydrogen,
Sample info:,"Dry run 03-04-2024 500C, 50psi upstream, 20sccm flow Hopefully doing the whole experiment now, starting with baking and ending with baking."
Acq. Method:,calibration_method_iter7.amx,Data file:,sweep_hydrogen001-2024-04-23 12-08-41-04-00-r025.dx
Injection #:,25 of 600,Inj. volume:,0.000 
Proc. Method:,calibration_iter4.pmx,Sample amount:,0.000
Sample type:,Sample,Dilution:,1
Calibration level:,,Multiplier:,1

Seq. Line:,1
Location:,Sample name:,sweep_hydrogen,
Sample info:,"Dry run 03-04-2024 500C, 50psi upstream, 20sccm flow Hopefully doing the whole experiment now, starting with baking and ending with baking."
Acq. Method:,calibration_method_iter7.amx,Data file:,sweep_hydrogen001-2024-04-23 12-11-36-04-00-r026.dx
Injection #:,26 of 600,Inj. volume:,0.000 
Proc. Method:,calibration_iter4.pmx,Sample amount:,0.000
Sample type:,Sample,Dilution:,1
Calibration level:,,Multiplier:,1

Seq. Line:,1
Location:,Sample name:,sweep_hydrogen,
Sample info:,"Dry run 03-04-2024 500C, 50psi upstream, 20sccm flow Hopefully doing the whole experiment now, starting with baking and ending with baking."
Acq. Method:,calibration_method_iter7.amx,Data file:,sweep_hydrogen001-2024-04-23 12-14-33-04-00-r027.dx
Injection #:,27 of 600,Inj. volume:,0.000 
Proc. Method:,calibration_iter4.pmx,Sample amount:,0.000
Sample type:,Sample,Dilution:,1
Calibration level:,,Multiplier:,1

Seq. Line:,1
Location:,Sample name:,sweep_hydrogen,
Sample info:,"Dry run 03-04-2024 500C, 50psi upstream, 20sccm flow Hopefully doing the whole experiment now, starting with baking and ending with baking."
Acq. Method:,calibration_method_iter7.amx,Data file:,sweep_hydrogen001-2024-04-23 12-17-28-04-00-r028.dx
Injection #:,28 of 600,Inj. volume:,0.000 
Proc. Method:,calibration_iter4.pmx,Sample amount:,0.000
Sample type:,Sample,Dilution:,1
Calibration level:,,Multiplier:,1

Seq. Line:,1
Location:,Sample name:,sweep_hydrogen,
Sample info:,"Dry run 03-04-2024 500C, 50psi upstream, 20sccm flow Hopefully doing the whole experiment now, starting with baking and ending with baking."
Acq. Method:,calibration_method_iter7.amx,Data file:,sweep_hydrogen001-2024-04-23 12-20-26-04-00-r029.dx
Injection #:,29 of 600,Inj. volume:,0.000 
Proc. Method:,calibration_iter4.pmx,Sample amount:,0.000
Sample type:,Sample,Dilution:,1
Calibration level:,,Multiplier:,1

Seq. Line:,1
Location:,Sample name:,sweep_hydrogen,
Sample info:,"Dry run 03-04-2024 500C, 50psi upstream, 20sccm flow Hopefully doing the whole experiment now, starting with baking and ending with baking."
Acq. Method:,calibration_method_iter7.amx,Data file:,sweep_hydrogen001-2024-04-23 12-23-20-04-00-r030.dx
Injection #:,30 of 600,Inj. volume:,0.000 
Proc. Method:,calibration_iter4.pmx,Sample amount:,0.000
Sample type:,Sample,Dilution:,1
Calibration level:,,Multiplier:,1

Seq. Line:,1
Location:,Sample name:,sweep_hydrogen,
Sample info:,"Dry run 03-04-2024 500C, 50psi upstream, 20sccm flow Hopefully doing the whole experiment now, starting with baking and ending with baking."
Acq. Method:,calibration_method_iter7.amx,Data file:,sweep_hydrogen001-2024-04-23 12-26-15-04-00-r031.dx
Injection #:,31 of 600,Inj. volume:,0.000 
Proc. Method:,calibration_iter4.pmx,Sample amount:,0.000
Sample type:,Sample,Dilution:,1
Calibration level:,,Multiplier:,1

Seq. Line:,1
Location:,Sample name:,sweep_hydrogen,
Sample info:,"Dry run 03-04-2024 500C, 50psi upstream, 20sccm flow Hopefully doing the whole experiment now, starting with baking and ending with baking."
Acq. Method:,calibration_method_iter7.amx,Data file:,sweep_hydrogen001-2024-04-23 12-29-08-04-00-r032.dx
Injection #:,32 of 600,Inj. volume:,0.000 
Proc. Method:,calibration_iter4.pmx,Sample amount:,0.000
Sample type:,Sample,Dilution:,1
Calibration level:,,Multiplier:,1

Seq. Line:,1
Location:,Sample name:,sweep_hydrogen,
Sample info:,"Dry run 03-04-2024 500C, 50psi upstream, 20sccm flow Hopefully doing the whole experiment now, starting with baking and ending with baking."
Acq. Method:,calibration_method_iter7.amx,Data file:,sweep_hydrogen001-2024-04-23 12-32-01-04-00-r033.dx
Injection #:,33 of 600,Inj. volume:,0.000 
Proc. Method:,calibration_iter4.pmx,Sample amount:,0.000
Sample type:,Sample,Dilution:,1
Calibration level:,,Multiplier:,1

Seq. Line:,1
Location:,Sample name:,sweep_hydrogen,
Sample info:,"Dry run 03-04-2024 500C, 50psi upstream, 20sccm flow Hopefully doing the whole experiment now, starting with baking and ending with baking."
Acq. Method:,calibration_method_iter7.amx,Data file:,sweep_hydrogen001-2024-04-23 12-34-59-04-00-r034.dx
Injection #:,34 of 600,Inj. volume:,0.000 
Proc. Method:,calibration_iter4.pmx,Sample amount:,0.000
Sample type:,Sample,Dilution:,1
Calibration level:,,Multiplier:,1

Seq. Line:,1
Location:,Sample name:,sweep_hydrogen,
Sample info:,"Dry run 03-04-2024 500C, 50psi upstream, 20sccm flow Hopefully doing the whole experiment now, starting with baking and ending with baking."
Acq. Method:,calibration_method_iter7.amx,Data file:,sweep_hydrogen001-2024-04-23 12-37-53-04-00-r035.dx
Injection #:,35 of 600,Inj. volume:,0.000 
Proc. Method:,calibration_iter4.pmx,Sample amount:,0.000
Sample type:,Sample,Dilution:,1
Calibration level:,,Multiplier:,1

Seq. Line:,1
Location:,Sample name:,sweep_hydrogen,
Sample info:,"Dry run 03-04-2024 500C, 50psi upstream, 20sccm flow Hopefully doing the whole experiment now, starting with baking and ending with baking."
Acq. Method:,calibration_method_iter7.amx,Data file:,sweep_hydrogen001-2024-04-23 12-40-46-04-00-r036.dx
Injection #:,36 of 600,Inj. volume:,0.000 
Proc. Method:,calibration_iter4.pmx,Sample amount:,0.000
Sample type:,Sample,Dilution:,1
Calibration level:,,Multiplier:,1

Seq. Line:,1
Location:,Sample name:,sweep_hydrogen,
Sample info:,"Dry run 03-04-2024 500C, 50psi upstream, 20sccm flow Hopefully doing the whole experiment now, starting with baking and ending with baking."
Acq. Method:,calibration_method_iter7.amx,Data file:,sweep_hydrogen001-2024-04-23 12-43-40-04-00-r037.dx
Injection #:,37 of 600,Inj. volume:,0.000 
Proc. Method:,calibration_iter4.pmx,Sample amount:,0.000
Sample type:,Sample,Dilution:,1
Calibration level:,,Multiplier:,1

Seq. Line:,1
Location:,Sample name:,sweep_hydrogen,
Sample info:,"Dry run 03-04-2024 500C, 50psi upstream, 20sccm flow Hopefully doing the whole experiment now, starting with baking and ending with baking."
Acq. Method:,calibration_method_iter7.amx,Data file:,sweep_hydrogen001-2024-04-23 12-46-34-04-00-r038.dx
Injection #:,38 of 600,Inj. volume:,0.000 
Proc. Method:,calibration_iter4.pmx,Sample amount:,0.000
Sample type:,Sample,Dilution:,1
Calibration level:,,Multiplier:,1

Seq. Line:,1
Location:,Sample name:,sweep_hydrogen,
Sample info:,"Dry run 03-04-2024 500C, 50psi upstream, 20sccm flow Hopefully doing the whole experiment now, starting with baking and ending with baking."
Acq. Method:,calibration_method_iter7.amx,Data file:,sweep_hydrogen001-2024-04-23 12-49-29-04-00-r039.dx
Injection #:,39 of 600,Inj. volume:,0.000 
Proc. Method:,calibration_iter4.pmx,Sample amount:,0.000
Sample type:,Sample,Dilution:,1
Calibration level:,,Multiplier:,1

Seq. Line:,1
Location:,Sample name:,sweep_hydrogen,
Sample info:,"Dry run 03-04-2024 500C, 50psi upstream, 20sccm flow Hopefully doing the whole experiment now, starting with baking and ending with baking."
Acq. Method:,calibration_method_iter7.amx,Data file:,sweep_hydrogen001-2024-04-23 12-52-24-04-00-r040.dx
Injection #:,40 of 600,Inj. volume:,0.000 
Proc. Method:,calibration_iter4.pmx,Sample amount:,0.000
Sample type:,Sample,Dilution:,1
Calibration level:,,Multiplier:,1

Seq. Line:,1
Location:,Sample name:,sweep_hydrogen,
Sample info:,"Dry run 03-04-2024 500C, 50psi upstream, 20sccm flow Hopefully doing the whole experiment now, starting with baking and ending with baking."
Acq. Method:,calibration_method_iter7.amx,Data file:,sweep_hydrogen001-2024-04-23 12-55-18-04-00-r041.dx
Injection #:,41 of 600,Inj. volume:,0.000 
Proc. Method:,calibration_iter4.pmx,Sample amount:,0.000
Sample type:,Sample,Dilution:,1
Calibration level:,,Multiplier:,1

Seq. Line:,1
Location:,Sample name:,sweep_hydrogen,
Sample info:,"Dry run 03-04-2024 500C, 50psi upstream, 20sccm flow Hopefully doing the whole experiment now, starting with baking and ending with baking."
Acq. Method:,calibration_method_iter7.amx,Data file:,sweep_hydrogen001-2024-04-23 12-58-13-04-00-r042.dx
Injection #:,42 of 600,Inj. volume:,0.000 
Proc. Method:,calibration_iter4.pmx,Sample amount:,0.000
Sample type:,Sample,Dilution:,1
Calibration level:,,Multiplier:,1

Seq. Line:,1
Location:,Sample name:,sweep_hydrogen,
Sample info:,"Dry run 03-04-2024 500C, 50psi upstream, 20sccm flow Hopefully doing the whole experiment now, starting with baking and ending with baking."
Acq. Method:,calibration_method_iter7.amx,Data file:,sweep_hydrogen001-2024-04-23 13-01-07-04-00-r043.dx
Injection #:,43 of 600,Inj. volume:,0.000 
Proc. Method:,calibration_iter4.pmx,Sample amount:,0.000
Sample type:,Sample,Dilution:,1
Calibration level:,,Multiplier:,1

Seq. Line:,1
Location:,Sample name:,sweep_hydrogen,
Sample info:,"Dry run 03-04-2024 500C, 50psi upstream, 20sccm flow Hopefully doing the whole experiment now, starting with baking and ending with baking."
Acq. Method:,calibration_method_iter7.amx,Data file:,sweep_hydrogen001-2024-04-23 13-04-00-04-00-r044.dx
Injection #:,44 of 600,Inj. volume:,0.000 
Proc. Method:,calibration_iter4.pmx,Sample amount:,0.000
Sample type:,Sample,Dilution:,1
Calibration level:,,Multiplier:,1

Seq. Line:,1
Location:,Sample name:,sweep_hydrogen,
Sample info:,"Dry run 03-04-2024 500C, 50psi upstream, 20sccm flow Hopefully doing the whole experiment now, starting with baking and ending with baking."
Acq. Method:,calibration_method_iter7.amx,Data file:,sweep_hydrogen001-2024-04-23 13-06-54-04-00-r045.dx
Injection #:,45 of 600,Inj. volume:,0.000 
Proc. Method:,calibration_iter4.pmx,Sample amount:,0.000
Sample type:,Sample,Dilution:,1
Calibration level:,,Multiplier:,1

Seq. Line:,1
Location:,Sample name:,sweep_hydrogen,
Sample info:,"Dry run 03-04-2024 500C, 50psi upstream, 20sccm flow Hopefully doing the whole experiment now, starting with baking and ending with baking."
Acq. Method:,calibration_method_iter7.amx,Data file:,sweep_hydrogen001-2024-04-23 13-09-48-04-00-r046.dx
Injection #:,46 of 600,Inj. volume:,0.000 
Proc. Method:,calibration_iter4.pmx,Sample amount:,0.000
Sample type:,Sample,Dilution:,1
Calibration level:,,Multiplier:,1

Seq. Line:,1
Location:,Sample name:,sweep_hydrogen,
Sample info:,"Dry run 03-04-2024 500C, 50psi upstream, 20sccm flow Hopefully doing the whole experiment now, starting with baking and ending with baking."
Acq. Method:,calibration_method_iter7.amx,Data file:,sweep_hydrogen001-2024-04-23 13-12-44-04-00-r047.dx
Injection #:,47 of 600,Inj. volume:,0.000 
Proc. Method:,calibration_iter4.pmx,Sample amount:,0.000
Sample type:,Sample,Dilution:,1
Calibration level:,,Multiplier:,1

Seq. Line:,1
Location:,Sample name:,sweep_hydrogen,
Sample info:,"Dry run 03-04-2024 500C, 50psi upstream, 20sccm flow Hopefully doing the whole experiment now, starting with baking and ending with baking."
Acq. Method:,calibration_method_iter7.amx,Data file:,sweep_hydrogen001-2024-04-23 13-15-39-04-00-r048.dx
Injection #:,48 of 600,Inj. volume:,0.000 
Proc. Method:,calibration_iter4.pmx,Sample amount:,0.000
Sample type:,Sample,Dilution:,1
Calibration level:,,Multiplier:,1

Seq. Line:,1
Location:,Sample name:,sweep_hydrogen,
Sample info:,"Dry run 03-04-2024 500C, 50psi upstream, 20sccm flow Hopefully doing the whole experiment now, starting with baking and ending with baking."
Acq. Method:,calibration_method_iter7.amx,Data file:,sweep_hydrogen001-2024-04-23 13-18-31-04-00-r049.dx
Injection #:,49 of 600,Inj. volume:,0.000 
Proc. Method:,calibration_iter4.pmx,Sample amount:,0.000
Sample type:,Sample,Dilution:,1
Calibration level:,,Multiplier:,1

Seq. Line:,1
Location:,Sample name:,sweep_hydrogen,
Sample info:,"Dry run 03-04-2024 500C, 50psi upstream, 20sccm flow Hopefully doing the whole experiment now, starting with baking and ending with baking."
Acq. Method:,calibration_method_iter7.amx,Data file:,sweep_hydrogen001-2024-04-23 13-21-27-04-00-r050.dx
Injection #:,50 of 600,Inj. volume:,0.000 
Proc. Method:,calibration_iter4.pmx,Sample amount:,0.000
Sample type:,Sample,Dilution:,1
Calibration level:,,Multiplier:,1

Seq. Line:,1
Location:,Sample name:,sweep_hydrogen,
Sample info:,"Dry run 03-04-2024 500C, 50psi upstream, 20sccm flow Hopefully doing the whole experiment now, starting with baking and ending with baking."
Acq. Method:,calibration_method_iter7.amx,Data file:,sweep_hydrogen001-2024-04-23 13-24-22-04-00-r051.dx
Injection #:,51 of 600,Inj. volume:,0.000 
Proc. Method:,calibration_iter4.pmx,Sample amount:,0.000
Sample type:,Sample,Dilution:,1
Calibration level:,,Multiplier:,1

Seq. Line:,1
Location:,Sample name:,sweep_hydrogen,
Sample info:,"Dry run 03-04-2024 500C, 50psi upstream, 20sccm flow Hopefully doing the whole experiment now, starting with baking and ending with baking."
Acq. Method:,calibration_method_iter7.amx,Data file:,sweep_hydrogen001-2024-04-23 13-27-16-04-00-r052.dx
Injection #:,52 of 600,Inj. volume:,0.000 
Proc. Method:,calibration_iter4.pmx,Sample amount:,0.000
Sample type:,Sample,Dilution:,1
Calibration level:,,Multiplier:,1

Seq. Line:,1
Location:,Sample name:,sweep_hydrogen,
Sample info:,"Dry run 03-04-2024 500C, 50psi upstream, 20sccm flow Hopefully doing the whole experiment now, starting with baking and ending with baking."
Acq. Method:,calibration_method_iter7.amx,Data file:,sweep_hydrogen001-2024-04-23 13-30-13-04-00-r053.dx
Injection #:,53 of 600,Inj. volume:,0.000 
Proc. Method:,calibration_iter4.pmx,Sample amount:,0.000
Sample type:,Sample,Dilution:,1
Calibration level:,,Multiplier:,1

Seq. Line:,1
Location:,Sample name:,sweep_hydrogen,
Sample info:,"Dry run 03-04-2024 500C, 50psi upstream, 20sccm flow Hopefully doing the whole experiment now, starting with baking and ending with baking."
Acq. Method:,calibration_method_iter7.amx,Data file:,sweep_hydrogen001-2024-04-23 13-33-09-04-00-r054.dx
Injection #:,54 of 600,Inj. volume:,0.000 
Proc. Method:,calibration_iter4.pmx,Sample amount:,0.000
Sample type:,Sample,Dilution:,1
Calibration level:,,Multiplier:,1

Seq. Line:,1
Location:,Sample name:,sweep_hydrogen,
Sample info:,"Dry run 03-04-2024 500C, 50psi upstream, 20sccm flow Hopefully doing the whole experiment now, starting with baking and ending with baking."
Acq. Method:,calibration_method_iter7.amx,Data file:,sweep_hydrogen001-2024-04-23 13-36-06-04-00-r055.dx
Injection #:,55 of 600,Inj. volume:,0.000 
Proc. Method:,calibration_iter4.pmx,Sample amount:,0.000
Sample type:,Sample,Dilution:,1
Calibration level:,,Multiplier:,1

Seq. Line:,1
Location:,Sample name:,sweep_hydrogen,
Sample info:,"Dry run 03-04-2024 500C, 50psi upstream, 20sccm flow Hopefully doing the whole experiment now, starting with baking and ending with baking."
Acq. Method:,calibration_method_iter7.amx,Data file:,sweep_hydrogen001-2024-04-23 13-39-01-04-00-r056.dx
Injection #:,56 of 600,Inj. volume:,0.000 
Proc. Method:,calibration_iter4.pmx,Sample amount:,0.000
Sample type:,Sample,Dilution:,1
Calibration level:,,Multiplier:,1

Seq. Line:,1
Location:,Sample name:,sweep_hydrogen,
Sample info:,"Dry run 03-04-2024 500C, 50psi upstream, 20sccm flow Hopefully doing the whole experiment now, starting with baking and ending with baking."
Acq. Method:,calibration_method_iter7.amx,Data file:,sweep_hydrogen001-2024-04-23 13-41-54-04-00-r057.dx
Injection #:,57 of 600,Inj. volume:,0.000 
Proc. Method:,calibration_iter4.pmx,Sample amount:,0.000
Sample type:,Sample,Dilution:,1
Calibration level:,,Multiplier:,1

Seq. Line:,1
Location:,Sample name:,sweep_hydrogen,
Sample info:,"Dry run 03-04-2024 500C, 50psi upstream, 20sccm flow Hopefully doing the whole experiment now, starting with baking and ending with baking."
Acq. Method:,calibration_method_iter7.amx,Data file:,sweep_hydrogen001-2024-04-23 13-44-49-04-00-r058.dx
Injection #:,58 of 600,Inj. volume:,0.000 
Proc. Method:,calibration_iter4.pmx,Sample amount:,0.000
Sample type:,Sample,Dilution:,1
Calibration level:,,Multiplier:,1

Seq. Line:,1
Location:,Sample name:,sweep_hydrogen,
Sample info:,"Dry run 03-04-2024 500C, 50psi upstream, 20sccm flow Hopefully doing the whole experiment now, starting with baking and ending with baking."
Acq. Method:,calibration_method_iter7.amx,Data file:,sweep_hydrogen001-2024-04-23 13-47-43-04-00-r059.dx
Injection #:,59 of 600,Inj. volume:,0.000 
Proc. Method:,calibration_iter4.pmx,Sample amount:,0.000
Sample type:,Sample,Dilution:,1
Calibration level:,,Multiplier:,1

Seq. Line:,1
Location:,Sample name:,sweep_hydrogen,
Sample info:,"Dry run 03-04-2024 500C, 50psi upstream, 20sccm flow Hopefully doing the whole experiment now, starting with baking and ending with baking."
Acq. Method:,calibration_method_iter7.amx,Data file:,sweep_hydrogen001-2024-04-23 13-50-39-04-00-r060.dx
Injection #:,60 of 600,Inj. volume:,0.000 
Proc. Method:,calibration_iter4.pmx,Sample amount:,0.000
Sample type:,Sample,Dilution:,1
Calibration level:,,Multiplier:,1

Seq. Line:,1
Location:,Sample name:,sweep_hydrogen,
Sample info:,"Dry run 03-04-2024 500C, 50psi upstream, 20sccm flow Hopefully doing the whole experiment now, starting with baking and ending with baking."
Acq. Method:,calibration_method_iter7.amx,Data file:,sweep_hydrogen001-2024-04-23 13-53-33-04-00-r061.dx
Injection #:,61 of 600,Inj. volume:,0.000 
Proc. Method:,calibration_iter4.pmx,Sample amount:,0.000
Sample type:,Sample,Dilution:,1
Calibration level:,,Multiplier:,1

Seq. Line:,1
Location:,Sample name:,sweep_hydrogen,
Sample info:,"Dry run 03-04-2024 500C, 50psi upstream, 20sccm flow Hopefully doing the whole experiment now, starting with baking and ending with baking."
Acq. Method:,calibration_method_iter7.amx,Data file:,sweep_hydrogen001-2024-04-23 13-56-30-04-00-r062.dx
Injection #:,62 of 600,Inj. volume:,0.000 
Proc. Method:,calibration_iter4.pmx,Sample amount:,0.000
Sample type:,Sample,Dilution:,1
Calibration level:,,Multiplier:,1

Seq. Line:,1
Location:,Sample name:,sweep_hydrogen,
Sample info:,"Dry run 03-04-2024 500C, 50psi upstream, 20sccm flow Hopefully doing the whole experiment now, starting with baking and ending with baking."
Acq. Method:,calibration_method_iter7.amx,Data file:,sweep_hydrogen001-2024-04-23 13-59-27-04-00-r063.dx
Injection #:,63 of 600,Inj. volume:,0.000 
Proc. Method:,calibration_iter4.pmx,Sample amount:,0.000
Sample type:,Sample,Dilution:,1
Calibration level:,,Multiplier:,1

Seq. Line:,1
Location:,Sample name:,sweep_hydrogen,
Sample info:,"Dry run 03-04-2024 500C, 50psi upstream, 20sccm flow Hopefully doing the whole experiment now, starting with baking and ending with baking."
Acq. Method:,calibration_method_iter7.amx,Data file:,sweep_hydrogen001-2024-04-23 14-02-22-04-00-r064.dx
Injection #:,64 of 600,Inj. volume:,0.000 
Proc. Method:,calibration_iter4.pmx,Sample amount:,0.000
Sample type:,Sample,Dilution:,1
Calibration level:,,Multiplier:,1

Seq. Line:,1
Location:,Sample name:,sweep_hydrogen,
Sample info:,"Dry run 03-04-2024 500C, 50psi upstream, 20sccm flow Hopefully doing the whole experiment now, starting with baking and ending with baking."
Acq. Method:,calibration_method_iter7.amx,Data file:,sweep_hydrogen001-2024-04-23 14-05-15-04-00-r065.dx
Injection #:,65 of 600,Inj. volume:,0.000 
Proc. Method:,calibration_iter4.pmx,Sample amount:,0.000
Sample type:,Sample,Dilution:,1
Calibration level:,,Multiplier:,1

Seq. Line:,1
Location:,Sample name:,sweep_hydrogen,
Sample info:,"Dry run 03-04-2024 500C, 50psi upstream, 20sccm flow Hopefully doing the whole experiment now, starting with baking and ending with baking."
Acq. Method:,calibration_method_iter7.amx,Data file:,sweep_hydrogen001-2024-04-23 14-08-11-04-00-r066.dx
Injection #:,66 of 600,Inj. volume:,0.000 
Proc. Method:,calibration_iter4.pmx,Sample amount:,0.000
Sample type:,Sample,Dilution:,1
Calibration level:,,Multiplier:,1

Seq. Line:,1
Location:,Sample name:,sweep_hydrogen,
Sample info:,"Dry run 03-04-2024 500C, 50psi upstream, 20sccm flow Hopefully doing the whole experiment now, starting with baking and ending with baking."
Acq. Method:,calibration_method_iter7.amx,Data file:,sweep_hydrogen001-2024-04-23 14-11-04-04-00-r067.dx
Injection #:,67 of 600,Inj. volume:,0.000 
Proc. Method:,calibration_iter4.pmx,Sample amount:,0.000
Sample type:,Sample,Dilution:,1
Calibration level:,,Multiplier:,1

Seq. Line:,1
Location:,Sample name:,sweep_hydrogen,
Sample info:,"Dry run 03-04-2024 500C, 50psi upstream, 20sccm flow Hopefully doing the whole experiment now, starting with baking and ending with baking."
Acq. Method:,calibration_method_iter7.amx,Data file:,sweep_hydrogen001-2024-04-23 14-14-00-04-00-r068.dx
Injection #:,68 of 600,Inj. volume:,0.000 
Proc. Method:,calibration_iter4.pmx,Sample amount:,0.000
Sample type:,Sample,Dilution:,1
Calibration level:,,Multiplier:,1

Seq. Line:,1
Location:,Sample name:,sweep_hydrogen,
Sample info:,"Dry run 03-04-2024 500C, 50psi upstream, 20sccm flow Hopefully doing the whole experiment now, starting with baking and ending with baking."
Acq. Method:,calibration_method_iter7.amx,Data file:,sweep_hydrogen001-2024-04-23 14-16-56-04-00-r069.dx
Injection #:,69 of 600,Inj. volume:,0.000 
Proc. Method:,calibration_iter4.pmx,Sample amount:,0.000
Sample type:,Sample,Dilution:,1
Calibration level:,,Multiplier:,1

Seq. Line:,1
Location:,Sample name:,sweep_hydrogen,
Sample info:,"Dry run 03-04-2024 500C, 50psi upstream, 20sccm flow Hopefully doing the whole experiment now, starting with baking and ending with baking."
Acq. Method:,calibration_method_iter7.amx,Data file:,sweep_hydrogen001-2024-04-23 14-19-50-04-00-r070.dx
Injection #:,70 of 600,Inj. volume:,0.000 
Proc. Method:,calibration_iter4.pmx,Sample amount:,0.000
Sample type:,Sample,Dilution:,1
Calibration level:,,Multiplier:,1

Seq. Line:,1
Location:,Sample name:,sweep_hydrogen,
Sample info:,"Dry run 03-04-2024 500C, 50psi upstream, 20sccm flow Hopefully doing the whole experiment now, starting with baking and ending with baking."
Acq. Method:,calibration_method_iter7.amx,Data file:,sweep_hydrogen001-2024-04-23 14-22-45-04-00-r071.dx
Injection #:,71 of 600,Inj. volume:,0.000 
Proc. Method:,calibration_iter4.pmx,Sample amount:,0.000
Sample type:,Sample,Dilution:,1
Calibration level:,,Multiplier:,1

Seq. Line:,1
Location:,Sample name:,sweep_hydrogen,
Sample info:,"Dry run 03-04-2024 500C, 50psi upstream, 20sccm flow Hopefully doing the whole experiment now, starting with baking and ending with baking."
Acq. Method:,calibration_method_iter7.amx,Data file:,sweep_hydrogen001-2024-04-23 14-25-39-04-00-r072.dx
Injection #:,72 of 600,Inj. volume:,0.000 
Proc. Method:,calibration_iter4.pmx,Sample amount:,0.000
Sample type:,Sample,Dilution:,1
Calibration level:,,Multiplier:,1

Seq. Line:,1
Location:,Sample name:,sweep_hydrogen,
Sample info:,"Dry run 03-04-2024 500C, 50psi upstream, 20sccm flow Hopefully doing the whole experiment now, starting with baking and ending with baking."
Acq. Method:,calibration_method_iter7.amx,Data file:,sweep_hydrogen001-2024-04-23 14-28-34-04-00-r073.dx
Injection #:,73 of 600,Inj. volume:,0.000 
Proc. Method:,calibration_iter4.pmx,Sample amount:,0.000
Sample type:,Sample,Dilution:,1
Calibration level:,,Multiplier:,1

Seq. Line:,1
Location:,Sample name:,sweep_hydrogen,
Sample info:,"Dry run 03-04-2024 500C, 50psi upstream, 20sccm flow Hopefully doing the whole experiment now, starting with baking and ending with baking."
Acq. Method:,calibration_method_iter7.amx,Data file:,sweep_hydrogen001-2024-04-23 14-31-29-04-00-r074.dx
Injection #:,74 of 600,Inj. volume:,0.000 
Proc. Method:,calibration_iter4.pmx,Sample amount:,0.000
Sample type:,Sample,Dilution:,1
Calibration level:,,Multiplier:,1

Seq. Line:,1
Location:,Sample name:,sweep_hydrogen,
Sample info:,"Dry run 03-04-2024 500C, 50psi upstream, 20sccm flow Hopefully doing the whole experiment now, starting with baking and ending with baking."
Acq. Method:,calibration_method_iter7.amx,Data file:,sweep_hydrogen001-2024-04-23 14-34-24-04-00-r075.dx
Injection #:,75 of 600,Inj. volume:,0.000 
Proc. Method:,calibration_iter4.pmx,Sample amount:,0.000
Sample type:,Sample,Dilution:,1
Calibration level:,,Multiplier:,1

Seq. Line:,1
Location:,Sample name:,sweep_hydrogen,
Sample info:,"Dry run 03-04-2024 500C, 50psi upstream, 20sccm flow Hopefully doing the whole experiment now, starting with baking and ending with baking."
Acq. Method:,calibration_method_iter7.amx,Data file:,sweep_hydrogen001-2024-04-23 14-37-18-04-00-r076.dx
Injection #:,76 of 600,Inj. volume:,0.000 
Proc. Method:,calibration_iter4.pmx,Sample amount:,0.000
Sample type:,Sample,Dilution:,1
Calibration level:,,Multiplier:,1

Seq. Line:,1
Location:,Sample name:,sweep_hydrogen,
Sample info:,"Dry run 03-04-2024 500C, 50psi upstream, 20sccm flow Hopefully doing the whole experiment now, starting with baking and ending with baking."
Acq. Method:,calibration_method_iter7.amx,Data file:,snapshot-20240423 144047-sweep_hydrogen001-2024-04-23 14-40-14-04-00-r077.dx
Injection #:,77 of 600,Inj. volume:,0.000 
Proc. Method:,calibration_iter4.pmx,Sample amount:,0.000
Sample type:,Sample,Dilution:,1
Calibration level:,,Multiplier:,1


Sample name:,sweep_hydrogen
Operator:,SYSTEM (SYSTEM),Data file:,sweep_hydrogen001-2024-04-23 10-58-39-04-00-r001.dx
Instrument:,Angie C.,Injection date:,2024-04-23 10:58:51-04:00
Inj. volume:,0.000 ,Location:,
Acq. method:,calibration_method_iter7.amx,Type:,Sample
Processing method:,calibration_iter4.pmx,Sample amount:,0.00
Manually modified:,None
RT [min],Signal,Type,Area,Amount [],Conc. [],Name

Sample name:,sweep_hydrogen
Operator:,SYSTEM (SYSTEM),Data file:,sweep_hydrogen001-2024-04-23 11-01-30-04-00-r002.dx
Instrument:,Angie C.,Injection date:,2024-04-23 11:01:45-04:00
Inj. volume:,0.000 ,Location:,
Acq. method:,calibration_method_iter7.amx,Type:,Sample
Processing method:,calibration_iter4.pmx,Sample amount:,0.00
Manually modified:,None
RT [min],Signal,Type,Area,Amount [],Conc. [],Name

Sample name:,sweep_hydrogen
Operator:,SYSTEM (SYSTEM),Data file:,sweep_hydrogen001-2024-04-23 11-04-27-04-00-r003.dx
Instrument:,Angie C.,Injection date:,2024-04-23 11:04:40-04:00
Inj. volume:,0.000 ,Location:,
Acq. method:,calibration_method_iter7.amx,Type:,Sample
Processing method:,calibration_iter4.pmx,Sample amount:,0.00
Manually modified:,None
RT [min],Signal,Type,Area,Amount [],Conc. [],Name

Sample name:,sweep_hydrogen
Operator:,SYSTEM (SYSTEM),Data file:,sweep_hydrogen001-2024-04-23 11-07-21-04-00-r004.dx
Instrument:,Angie C.,Injection date:,2024-04-23 11:07:35-04:00
Inj. volume:,0.000 ,Location:,
Acq. method:,calibration_method_iter7.amx,Type:,Sample
Processing method:,calibration_iter4.pmx,Sample amount:,0.00
Manually modified:,None
RT [min],Signal,Type,Area,Amount [],Conc. [],Name

Sample name:,sweep_hydrogen
Operator:,SYSTEM (SYSTEM),Data file:,sweep_hydrogen001-2024-04-23 11-10-15-04-00-r005.dx
Instrument:,Angie C.,Injection date:,2024-04-23 11:10:30-04:00
Inj. volume:,0.000 ,Location:,
Acq. method:,calibration_method_iter7.amx,Type:,Sample
Processing method:,calibration_iter4.pmx,Sample amount:,0.00
Manually modified:,None
RT [min],Signal,Type,Area,Amount [],Conc. [],Name

Sample name:,sweep_hydrogen
Operator:,SYSTEM (SYSTEM),Data file:,sweep_hydrogen001-2024-04-23 11-13-11-04-00-r006.dx
Instrument:,Angie C.,Injection date:,2024-04-23 11:13:26-04:00
Inj. volume:,0.000 ,Location:,
Acq. method:,calibration_method_iter7.amx,Type:,Sample
Processing method:,calibration_iter4.pmx,Sample amount:,0.00
Manually modified:,None
RT [min],Signal,Type,Area,Amount [],Conc. [],Name

Sample name:,sweep_hydrogen
Operator:,SYSTEM (SYSTEM),Data file:,sweep_hydrogen001-2024-04-23 11-16-06-04-00-r007.dx
Instrument:,Angie C.,Injection date:,2024-04-23 11:16:19-04:00
Inj. volume:,0.000 ,Location:,
Acq. method:,calibration_method_iter7.amx,Type:,Sample
Processing method:,calibration_iter4.pmx,Sample amount:,0.00
Manually modified:,None
RT [min],Signal,Type,Area,Amount [],Conc. [],Name

Sample name:,sweep_hydrogen
Operator:,SYSTEM (SYSTEM),Data file:,sweep_hydrogen001-2024-04-23 11-19-01-04-00-r008.dx
Instrument:,Angie C.,Injection date:,2024-04-23 11:19:14-04:00
Inj. volume:,0.000 ,Location:,
Acq. method:,calibration_method_iter7.amx,Type:,Sample
Processing method:,calibration_iter4.pmx,Sample amount:,0.00
Manually modified:,None
RT [min],Signal,Type,Area,Amount [],Conc. [],Name

Sample name:,sweep_hydrogen
Operator:,SYSTEM (SYSTEM),Data file:,sweep_hydrogen001-2024-04-23 11-21-55-04-00-r009.dx
Instrument:,Angie C.,Injection date:,2024-04-23 11:22:11-04:00
Inj. volume:,0.000 ,Location:,
Acq. method:,calibration_method_iter7.amx,Type:,Sample
Processing method:,calibration_iter4.pmx,Sample amount:,0.00
Manually modified:,None
RT [min],Signal,Type,Area,Amount [],Conc. [],Name

Sample name:,sweep_hydrogen
Operator:,SYSTEM (SYSTEM),Data file:,sweep_hydrogen001-2024-04-23 11-24-53-04-00-r010.dx
Instrument:,Angie C.,Injection date:,2024-04-23 11:25:07-04:00
Inj. volume:,0.000 ,Location:,
Acq. method:,calibration_method_iter7.amx,Type:,Sample
Processing method:,calibration_iter4.pmx,Sample amount:,0.00
Manually modified:,None
RT [min],Signal,Type,Area,Amount [],Conc. [],Name

Sample name:,sweep_hydrogen
Operator:,SYSTEM (SYSTEM),Data file:,sweep_hydrogen001-2024-04-23 11-27-48-04-00-r011.dx
Instrument:,Angie C.,Injection date:,2024-04-23 11:28:04-04:00
Inj. volume:,0.000 ,Location:,
Acq. method:,calibration_method_iter7.amx,Type:,Sample
Processing method:,calibration_iter4.pmx,Sample amount:,0.00
Manually modified:,None
RT [min],Signal,Type,Area,Amount [],Conc. [],Name

Sample name:,sweep_hydrogen
Operator:,SYSTEM (SYSTEM),Data file:,sweep_hydrogen001-2024-04-23 11-30-45-04-00-r012.dx
Instrument:,Angie C.,Injection date:,2024-04-23 11:30:58-04:00
Inj. volume:,0.000 ,Location:,
Acq. method:,calibration_method_iter7.amx,Type:,Sample
Processing method:,calibration_iter4.pmx,Sample amount:,0.00
Manually modified:,None
RT [min],Signal,Type,Area,Amount [],Conc. [],Name

Sample name:,sweep_hydrogen
Operator:,SYSTEM (SYSTEM),Data file:,sweep_hydrogen001-2024-04-23 11-33-39-04-00-r013.dx
Instrument:,Angie C.,Injection date:,2024-04-23 11:33:53-04:00
Inj. volume:,0.000 ,Location:,
Acq. method:,calibration_method_iter7.amx,Type:,Sample
Processing method:,calibration_iter4.pmx,Sample amount:,0.00
Manually modified:,None
RT [min],Signal,Type,Area,Amount [],Conc. [],Name

Sample name:,sweep_hydrogen
Operator:,SYSTEM (SYSTEM),Data file:,sweep_hydrogen001-2024-04-23 11-36-34-04-00-r014.dx
Instrument:,Angie C.,Injection date:,2024-04-23 11:36:47-04:00
Inj. volume:,0.000 ,Location:,
Acq. method:,calibration_method_iter7.amx,Type:,Sample
Processing method:,calibration_iter4.pmx,Sample amount:,0.00
Manually modified:,None
RT [min],Signal,Type,Area,Amount [],Conc. [],Name

Sample name:,sweep_hydrogen
Operator:,SYSTEM (SYSTEM),Data file:,sweep_hydrogen001-2024-04-23 11-39-27-04-00-r015.dx
Instrument:,Angie C.,Injection date:,2024-04-23 11:39:43-04:00
Inj. volume:,0.000 ,Location:,
Acq. method:,calibration_method_iter7.amx,Type:,Sample
Processing method:,calibration_iter4.pmx,Sample amount:,0.00
Manually modified:,None
RT [min],Signal,Type,Area,Amount [],Conc. [],Name

Sample name:,sweep_hydrogen
Operator:,SYSTEM (SYSTEM),Data file:,sweep_hydrogen001-2024-04-23 11-42-23-04-00-r016.dx
Instrument:,Angie C.,Injection date:,2024-04-23 11:42:40-04:00
Inj. volume:,0.000 ,Location:,
Acq. method:,calibration_method_iter7.amx,Type:,Sample
Processing method:,calibration_iter4.pmx,Sample amount:,0.00
Manually modified:,None
RT [min],Signal,Type,Area,Amount [],Conc. [],Name

Sample name:,sweep_hydrogen
Operator:,SYSTEM (SYSTEM),Data file:,sweep_hydrogen001-2024-04-23 11-45-22-04-00-r017.dx
Instrument:,Angie C.,Injection date:,2024-04-23 11:45:37-04:00
Inj. volume:,0.000 ,Location:,
Acq. method:,calibration_method_iter7.amx,Type:,Sample
Processing method:,calibration_iter4.pmx,Sample amount:,0.00
Manually modified:,None
RT [min],Signal,Type,Area,Amount [],Conc. [],Name

Sample name:,sweep_hydrogen
Operator:,SYSTEM (SYSTEM),Data file:,sweep_hydrogen001-2024-04-23 11-48-18-04-00-r018.dx
Instrument:,Angie C.,Injection date:,2024-04-23 11:48:32-04:00
Inj. volume:,0.000 ,Location:,
Acq. method:,calibration_method_iter7.amx,Type:,Sample
Processing method:,calibration_iter4.pmx,Sample amount:,0.00
Manually modified:,None
RT [min],Signal,Type,Area,Amount [],Conc. [],Name

Sample name:,sweep_hydrogen
Operator:,SYSTEM (SYSTEM),Data file:,sweep_hydrogen001-2024-04-23 11-51-13-04-00-r019.dx
Instrument:,Angie C.,Injection date:,2024-04-23 11:51:26-04:00
Inj. volume:,0.000 ,Location:,
Acq. method:,calibration_method_iter7.amx,Type:,Sample
Processing method:,calibration_iter4.pmx,Sample amount:,0.00
Manually modified:,None
RT [min],Signal,Type,Area,Amount [],Conc. [],Name

Sample name:,sweep_hydrogen
Operator:,SYSTEM (SYSTEM),Data file:,sweep_hydrogen001-2024-04-23 11-54-06-04-00-r020.dx
Instrument:,Angie C.,Injection date:,2024-04-23 11:54:22-04:00
Inj. volume:,0.000 ,Location:,
Acq. method:,calibration_method_iter7.amx,Type:,Sample
Processing method:,calibration_iter4.pmx,Sample amount:,0.00
Manually modified:,None
RT [min],Signal,Type,Area,Amount [],Conc. [],Name

Sample name:,sweep_hydrogen
Operator:,SYSTEM (SYSTEM),Data file:,sweep_hydrogen001-2024-04-23 11-57-01-04-00-r021.dx
Instrument:,Angie C.,Injection date:,2024-04-23 11:57:15-04:00
Inj. volume:,0.000 ,Location:,
Acq. method:,calibration_method_iter7.amx,Type:,Sample
Processing method:,calibration_iter4.pmx,Sample amount:,0.00
Manually modified:,None
RT [min],Signal,Type,Area,Amount [],Conc. [],Name

Sample name:,sweep_hydrogen
Operator:,SYSTEM (SYSTEM),Data file:,sweep_hydrogen001-2024-04-23 11-59-56-04-00-r022.dx
Instrument:,Angie C.,Injection date:,2024-04-23 12:00:10-04:00
Inj. volume:,0.000 ,Location:,
Acq. method:,calibration_method_iter7.amx,Type:,Sample
Processing method:,calibration_iter4.pmx,Sample amount:,0.00
Manually modified:,None
RT [min],Signal,Type,Area,Amount [],Conc. [],Name

Sample name:,sweep_hydrogen
Operator:,SYSTEM (SYSTEM),Data file:,sweep_hydrogen001-2024-04-23 12-02-51-04-00-r023.dx
Instrument:,Angie C.,Injection date:,2024-04-23 12:03:05-04:00
Inj. volume:,0.000 ,Location:,
Acq. method:,calibration_method_iter7.amx,Type:,Sample
Processing method:,calibration_iter4.pmx,Sample amount:,0.00
Manually modified:,None
RT [min],Signal,Type,Area,Amount [],Conc. [],Name

Sample name:,sweep_hydrogen
Operator:,SYSTEM (SYSTEM),Data file:,sweep_hydrogen001-2024-04-23 12-05-46-04-00-r024.dx
Instrument:,Angie C.,Injection date:,2024-04-23 12:06:00-04:00
Inj. volume:,0.000 ,Location:,
Acq. method:,calibration_method_iter7.amx,Type:,Sample
Processing method:,calibration_iter4.pmx,Sample amount:,0.00
Manually modified:,None
RT [min],Signal,Type,Area,Amount [],Conc. [],Name

Sample name:,sweep_hydrogen
Operator:,SYSTEM (SYSTEM),Data file:,sweep_hydrogen001-2024-04-23 12-08-41-04-00-r025.dx
Instrument:,Angie C.,Injection date:,2024-04-23 12:08:55-04:00
Inj. volume:,0.000 ,Location:,
Acq. method:,calibration_method_iter7.amx,Type:,Sample
Processing method:,calibration_iter4.pmx,Sample amount:,0.00
Manually modified:,None
RT [min],Signal,Type,Area,Amount [],Conc. [],Name

Sample name:,sweep_hydrogen
Operator:,SYSTEM (SYSTEM),Data file:,sweep_hydrogen001-2024-04-23 12-11-36-04-00-r026.dx
Instrument:,Angie C.,Injection date:,2024-04-23 12:11:51-04:00
Inj. volume:,0.000 ,Location:,
Acq. method:,calibration_method_iter7.amx,Type:,Sample
Processing method:,calibration_iter4.pmx,Sample amount:,0.00
Manually modified:,None
RT [min],Signal,Type,Area,Amount [],Conc. [],Name

Sample name:,sweep_hydrogen
Operator:,SYSTEM (SYSTEM),Data file:,sweep_hydrogen001-2024-04-23 12-14-33-04-00-r027.dx
Instrument:,Angie C.,Injection date:,2024-04-23 12:14:48-04:00
Inj. volume:,0.000 ,Location:,
Acq. method:,calibration_method_iter7.amx,Type:,Sample
Processing method:,calibration_iter4.pmx,Sample amount:,0.00
Manually modified:,None
RT [min],Signal,Type,Area,Amount [],Conc. [],Name

Sample name:,sweep_hydrogen
Operator:,SYSTEM (SYSTEM),Data file:,sweep_hydrogen001-2024-04-23 12-17-28-04-00-r028.dx
Instrument:,Angie C.,Injection date:,2024-04-23 12:17:45-04:00
Inj. volume:,0.000 ,Location:,
Acq. method:,calibration_method_iter7.amx,Type:,Sample
Processing method:,calibration_iter4.pmx,Sample amount:,0.00
Manually modified:,None
RT [min],Signal,Type,Area,Amount [],Conc. [],Name

Sample name:,sweep_hydrogen
Operator:,SYSTEM (SYSTEM),Data file:,sweep_hydrogen001-2024-04-23 12-20-26-04-00-r029.dx
Instrument:,Angie C.,Injection date:,2024-04-23 12:20:39-04:00
Inj. volume:,0.000 ,Location:,
Acq. method:,calibration_method_iter7.amx,Type:,Sample
Processing method:,calibration_iter4.pmx,Sample amount:,0.00
Manually modified:,None
RT [min],Signal,Type,Area,Amount [],Conc. [],Name

Sample name:,sweep_hydrogen
Operator:,SYSTEM (SYSTEM),Data file:,sweep_hydrogen001-2024-04-23 12-23-20-04-00-r030.dx
Instrument:,Angie C.,Injection date:,2024-04-23 12:23:33-04:00
Inj. volume:,0.000 ,Location:,
Acq. method:,calibration_method_iter7.amx,Type:,Sample
Processing method:,calibration_iter4.pmx,Sample amount:,0.00
Manually modified:,None
RT [min],Signal,Type,Area,Amount [],Conc. [],Name

Sample name:,sweep_hydrogen
Operator:,SYSTEM (SYSTEM),Data file:,sweep_hydrogen001-2024-04-23 12-26-15-04-00-r031.dx
Instrument:,Angie C.,Injection date:,2024-04-23 12:26:27-04:00
Inj. volume:,0.000 ,Location:,
Acq. method:,calibration_method_iter7.amx,Type:,Sample
Processing method:,calibration_iter4.pmx,Sample amount:,0.00
Manually modified:,None
RT [min],Signal,Type,Area,Amount [],Conc. [],Name

Sample name:,sweep_hydrogen
Operator:,SYSTEM (SYSTEM),Data file:,sweep_hydrogen001-2024-04-23 12-29-08-04-00-r032.dx
Instrument:,Angie C.,Injection date:,2024-04-23 12:29:22-04:00
Inj. volume:,0.000 ,Location:,
Acq. method:,calibration_method_iter7.amx,Type:,Sample
Processing method:,calibration_iter4.pmx,Sample amount:,0.00
Manually modified:,None
RT [min],Signal,Type,Area,Amount [],Conc. [],Name

Sample name:,sweep_hydrogen
Operator:,SYSTEM (SYSTEM),Data file:,sweep_hydrogen001-2024-04-23 12-32-01-04-00-r033.dx
Instrument:,Angie C.,Injection date:,2024-04-23 12:32:17-04:00
Inj. volume:,0.000 ,Location:,
Acq. method:,calibration_method_iter7.amx,Type:,Sample
Processing method:,calibration_iter4.pmx,Sample amount:,0.00
Manually modified:,None
RT [min],Signal,Type,Area,Amount [],Conc. [],Name

Sample name:,sweep_hydrogen
Operator:,SYSTEM (SYSTEM),Data file:,sweep_hydrogen001-2024-04-23 12-34-59-04-00-r034.dx
Instrument:,Angie C.,Injection date:,2024-04-23 12:35:13-04:00
Inj. volume:,0.000 ,Location:,
Acq. method:,calibration_method_iter7.amx,Type:,Sample
Processing method:,calibration_iter4.pmx,Sample amount:,0.00
Manually modified:,None
RT [min],Signal,Type,Area,Amount [],Conc. [],Name

Sample name:,sweep_hydrogen
Operator:,SYSTEM (SYSTEM),Data file:,sweep_hydrogen001-2024-04-23 12-37-53-04-00-r035.dx
Instrument:,Angie C.,Injection date:,2024-04-23 12:38:06-04:00
Inj. volume:,0.000 ,Location:,
Acq. method:,calibration_method_iter7.amx,Type:,Sample
Processing method:,calibration_iter4.pmx,Sample amount:,0.00
Manually modified:,None
RT [min],Signal,Type,Area,Amount [],Conc. [],Name

Sample name:,sweep_hydrogen
Operator:,SYSTEM (SYSTEM),Data file:,sweep_hydrogen001-2024-04-23 12-40-46-04-00-r036.dx
Instrument:,Angie C.,Injection date:,2024-04-23 12:41:00-04:00
Inj. volume:,0.000 ,Location:,
Acq. method:,calibration_method_iter7.amx,Type:,Sample
Processing method:,calibration_iter4.pmx,Sample amount:,0.00
Manually modified:,None
RT [min],Signal,Type,Area,Amount [],Conc. [],Name

Sample name:,sweep_hydrogen
Operator:,SYSTEM (SYSTEM),Data file:,sweep_hydrogen001-2024-04-23 12-43-40-04-00-r037.dx
Instrument:,Angie C.,Injection date:,2024-04-23 12:43:54-04:00
Inj. volume:,0.000 ,Location:,
Acq. method:,calibration_method_iter7.amx,Type:,Sample
Processing method:,calibration_iter4.pmx,Sample amount:,0.00
Manually modified:,None
RT [min],Signal,Type,Area,Amount [],Conc. [],Name

Sample name:,sweep_hydrogen
Operator:,SYSTEM (SYSTEM),Data file:,sweep_hydrogen001-2024-04-23 12-46-34-04-00-r038.dx
Instrument:,Angie C.,Injection date:,2024-04-23 12:46:48-04:00
Inj. volume:,0.000 ,Location:,
Acq. method:,calibration_method_iter7.amx,Type:,Sample
Processing method:,calibration_iter4.pmx,Sample amount:,0.00
Manually modified:,None
RT [min],Signal,Type,Area,Amount [],Conc. [],Name

Sample name:,sweep_hydrogen
Operator:,SYSTEM (SYSTEM),Data file:,sweep_hydrogen001-2024-04-23 12-49-29-04-00-r039.dx
Instrument:,Angie C.,Injection date:,2024-04-23 12:49:44-04:00
Inj. volume:,0.000 ,Location:,
Acq. method:,calibration_method_iter7.amx,Type:,Sample
Processing method:,calibration_iter4.pmx,Sample amount:,0.00
Manually modified:,None
RT [min],Signal,Type,Area,Amount [],Conc. [],Name

Sample name:,sweep_hydrogen
Operator:,SYSTEM (SYSTEM),Data file:,sweep_hydrogen001-2024-04-23 12-52-24-04-00-r040.dx
Instrument:,Angie C.,Injection date:,2024-04-23 12:52:38-04:00
Inj. volume:,0.000 ,Location:,
Acq. method:,calibration_method_iter7.amx,Type:,Sample
Processing method:,calibration_iter4.pmx,Sample amount:,0.00
Manually modified:,None
RT [min],Signal,Type,Area,Amount [],Conc. [],Name

Sample name:,sweep_hydrogen
Operator:,SYSTEM (SYSTEM),Data file:,sweep_hydrogen001-2024-04-23 12-55-18-04-00-r041.dx
Instrument:,Angie C.,Injection date:,2024-04-23 12:55:33-04:00
Inj. volume:,0.000 ,Location:,
Acq. method:,calibration_method_iter7.amx,Type:,Sample
Processing method:,calibration_iter4.pmx,Sample amount:,0.00
Manually modified:,None
RT [min],Signal,Type,Area,Amount [],Conc. [],Name

Sample name:,sweep_hydrogen
Operator:,SYSTEM (SYSTEM),Data file:,sweep_hydrogen001-2024-04-23 12-58-13-04-00-r042.dx
Instrument:,Angie C.,Injection date:,2024-04-23 12:58:27-04:00
Inj. volume:,0.000 ,Location:,
Acq. method:,calibration_method_iter7.amx,Type:,Sample
Processing method:,calibration_iter4.pmx,Sample amount:,0.00
Manually modified:,None
RT [min],Signal,Type,Area,Amount [],Conc. [],Name

Sample name:,sweep_hydrogen
Operator:,SYSTEM (SYSTEM),Data file:,sweep_hydrogen001-2024-04-23 13-01-07-04-00-r043.dx
Instrument:,Angie C.,Injection date:,2024-04-23 13:01:20-04:00
Inj. volume:,0.000 ,Location:,
Acq. method:,calibration_method_iter7.amx,Type:,Sample
Processing method:,calibration_iter4.pmx,Sample amount:,0.00
Manually modified:,None
RT [min],Signal,Type,Area,Amount [],Conc. [],Name

Sample name:,sweep_hydrogen
Operator:,SYSTEM (SYSTEM),Data file:,sweep_hydrogen001-2024-04-23 13-04-00-04-00-r044.dx
Instrument:,Angie C.,Injection date:,2024-04-23 13:04:14-04:00
Inj. volume:,0.000 ,Location:,
Acq. method:,calibration_method_iter7.amx,Type:,Sample
Processing method:,calibration_iter4.pmx,Sample amount:,0.00
Manually modified:,None
RT [min],Signal,Type,Area,Amount [],Conc. [],Name

Sample name:,sweep_hydrogen
Operator:,SYSTEM (SYSTEM),Data file:,sweep_hydrogen001-2024-04-23 13-06-54-04-00-r045.dx
Instrument:,Angie C.,Injection date:,2024-04-23 13:07:08-04:00
Inj. volume:,0.000 ,Location:,
Acq. method:,calibration_method_iter7.amx,Type:,Sample
Processing method:,calibration_iter4.pmx,Sample amount:,0.00
Manually modified:,None
RT [min],Signal,Type,Area,Amount [],Conc. [],Name

Sample name:,sweep_hydrogen
Operator:,SYSTEM (SYSTEM),Data file:,sweep_hydrogen001-2024-04-23 13-09-48-04-00-r046.dx
Instrument:,Angie C.,Injection date:,2024-04-23 13:10:01-04:00
Inj. volume:,0.000 ,Location:,
Acq. method:,calibration_method_iter7.amx,Type:,Sample
Processing method:,calibration_iter4.pmx,Sample amount:,0.00
Manually modified:,None
RT [min],Signal,Type,Area,Amount [],Conc. [],Name

Sample name:,sweep_hydrogen
Operator:,SYSTEM (SYSTEM),Data file:,sweep_hydrogen001-2024-04-23 13-12-44-04-00-r047.dx
Instrument:,Angie C.,Injection date:,2024-04-23 13:12:58-04:00
Inj. volume:,0.000 ,Location:,
Acq. method:,calibration_method_iter7.amx,Type:,Sample
Processing method:,calibration_iter4.pmx,Sample amount:,0.00
Manually modified:,None
RT [min],Signal,Type,Area,Amount [ppm],Conc. [ppm],Name
1.196,TCD1A,VV  ,0.56358,3.180,3.180,hydrogen

Sample name:,sweep_hydrogen
Operator:,SYSTEM (SYSTEM),Data file:,sweep_hydrogen001-2024-04-23 13-15-39-04-00-r048.dx
Instrument:,Angie C.,Injection date:,2024-04-23 13:15:52-04:00
Inj. volume:,0.000 ,Location:,
Acq. method:,calibration_method_iter7.amx,Type:,Sample
Processing method:,calibration_iter4.pmx,Sample amount:,0.00
Manually modified:,None
RT [min],Signal,Type,Area,Amount [ppm],Conc. [ppm],Name
1.193,TCD1A,BV  ,0.61370,4.999,4.999,hydrogen

Sample name:,sweep_hydrogen
Operator:,SYSTEM (SYSTEM),Data file:,sweep_hydrogen001-2024-04-23 13-18-31-04-00-r049.dx
Instrument:,Angie C.,Injection date:,2024-04-23 13:18:45-04:00
Inj. volume:,0.000 ,Location:,
Acq. method:,calibration_method_iter7.amx,Type:,Sample
Processing method:,calibration_iter4.pmx,Sample amount:,0.00
Manually modified:,None
RT [min],Signal,Type,Area,Amount [ppm],Conc. [ppm],Name
1.195,TCD1A,VV  ,0.71687,8.743,8.743,hydrogen

Sample name:,sweep_hydrogen
Operator:,SYSTEM (SYSTEM),Data file:,sweep_hydrogen001-2024-04-23 13-21-27-04-00-r050.dx
Instrument:,Angie C.,Injection date:,2024-04-23 13:21:40-04:00
Inj. volume:,0.000 ,Location:,
Acq. method:,calibration_method_iter7.amx,Type:,Sample
Processing method:,calibration_iter4.pmx,Sample amount:,0.00
Manually modified:,None
RT [min],Signal,Type,Area,Amount [ppm],Conc. [ppm],Name
1.192,TCD1A,VB  ,0.61698,5.118,5.118,hydrogen

Sample name:,sweep_hydrogen
Operator:,SYSTEM (SYSTEM),Data file:,sweep_hydrogen001-2024-04-23 13-24-22-04-00-r051.dx
Instrument:,Angie C.,Injection date:,2024-04-23 13:24:37-04:00
Inj. volume:,0.000 ,Location:,
Acq. method:,calibration_method_iter7.amx,Type:,Sample
Processing method:,calibration_iter4.pmx,Sample amount:,0.00
Manually modified:,None
RT [min],Signal,Type,Area,Amount [ppm],Conc. [ppm],Name
1.199,TCD1A,VV  ,0.58593,3.991,3.991,hydrogen

Sample name:,sweep_hydrogen
Operator:,SYSTEM (SYSTEM),Data file:,sweep_hydrogen001-2024-04-23 13-27-16-04-00-r052.dx
Instrument:,Angie C.,Injection date:,2024-04-23 13:27:32-04:00
Inj. volume:,0.000 ,Location:,
Acq. method:,calibration_method_iter7.amx,Type:,Sample
Processing method:,calibration_iter4.pmx,Sample amount:,0.00
Manually modified:,None
RT [min],Signal,Type,Area,Amount [ppm],Conc. [ppm],Name
1.192,TCD1A,BV  ,0.62042,5.243,5.243,hydrogen

Sample name:,sweep_hydrogen
Operator:,SYSTEM (SYSTEM),Data file:,sweep_hydrogen001-2024-04-23 13-30-13-04-00-r053.dx
Instrument:,Angie C.,Injection date:,2024-04-23 13:30:27-04:00
Inj. volume:,0.000 ,Location:,
Acq. method:,calibration_method_iter7.amx,Type:,Sample
Processing method:,calibration_iter4.pmx,Sample amount:,0.00
Manually modified:,None
RT [min],Signal,Type,Area,Amount [ppm],Conc. [ppm],Name
1.196,TCD1A,VV  ,0.76788,10.595,10.595,hydrogen

Sample name:,sweep_hydrogen
Operator:,SYSTEM (SYSTEM),Data file:,sweep_hydrogen001-2024-04-23 13-33-09-04-00-r054.dx
Instrument:,Angie C.,Injection date:,2024-04-23 13:33:24-04:00
Inj. volume:,0.000 ,Location:,
Acq. method:,calibration_method_iter7.amx,Type:,Sample
Processing method:,calibration_iter4.pmx,Sample amount:,0.00
Manually modified:,None
RT [min],Signal,Type,Area,Amount [ppm],Conc. [ppm],Name
1.190,TCD1A,VV  ,0.64074,5.980,5.980,hydrogen

Sample name:,sweep_hydrogen
Operator:,SYSTEM (SYSTEM),Data file:,sweep_hydrogen001-2024-04-23 13-36-06-04-00-r055.dx
Instrument:,Angie C.,Injection date:,2024-04-23 13:36:19-04:00
Inj. volume:,0.000 ,Location:,
Acq. method:,calibration_method_iter7.amx,Type:,Sample
Processing method:,calibration_iter4.pmx,Sample amount:,0.00
Manually modified:,None
RT [min],Signal,Type,Area,Amount [ppm],Conc. [ppm],Name
1.193,TCD1A,BV  ,0.68670,7.648,7.648,hydrogen

Sample name:,sweep_hydrogen
Operator:,SYSTEM (SYSTEM),Data file:,sweep_hydrogen001-2024-04-23 13-39-01-04-00-r056.dx
Instrument:,Angie C.,Injection date:,2024-04-23 13:39:14-04:00
Inj. volume:,0.000 ,Location:,
Acq. method:,calibration_method_iter7.amx,Type:,Sample
Processing method:,calibration_iter4.pmx,Sample amount:,0.00
Manually modified:,None
RT [min],Signal,Type,Area,Amount [],Conc. [],Name

Sample name:,sweep_hydrogen
Operator:,SYSTEM (SYSTEM),Data file:,sweep_hydrogen001-2024-04-23 13-41-54-04-00-r057.dx
Instrument:,Angie C.,Injection date:,2024-04-23 13:42:08-04:00
Inj. volume:,0.000 ,Location:,
Acq. method:,calibration_method_iter7.amx,Type:,Sample
Processing method:,calibration_iter4.pmx,Sample amount:,0.00
Manually modified:,None
RT [min],Signal,Type,Area,Amount [ppm],Conc. [ppm],Name
1.190,TCD1A,VB  ,0.55600,2.905,2.905,hydrogen

Sample name:,sweep_hydrogen
Operator:,SYSTEM (SYSTEM),Data file:,sweep_hydrogen001-2024-04-23 13-44-49-04-00-r058.dx
Instrument:,Angie C.,Injection date:,2024-04-23 13:45:02-04:00
Inj. volume:,0.000 ,Location:,
Acq. method:,calibration_method_iter7.amx,Type:,Sample
Processing method:,calibration_iter4.pmx,Sample amount:,0.00
Manually modified:,None
RT [min],Signal,Type,Area,Amount [ppm],Conc. [ppm],Name
1.195,TCD1A,BV  ,0.69482,7.943,7.943,hydrogen

Sample name:,sweep_hydrogen
Operator:,SYSTEM (SYSTEM),Data file:,sweep_hydrogen001-2024-04-23 13-47-43-04-00-r059.dx
Instrument:,Angie C.,Injection date:,2024-04-23 13:47:59-04:00
Inj. volume:,0.000 ,Location:,
Acq. method:,calibration_method_iter7.amx,Type:,Sample
Processing method:,calibration_iter4.pmx,Sample amount:,0.00
Manually modified:,None
RT [min],Signal,Type,Area,Amount [],Conc. [],Name

Sample name:,sweep_hydrogen
Operator:,SYSTEM (SYSTEM),Data file:,sweep_hydrogen001-2024-04-23 13-50-39-04-00-r060.dx
Instrument:,Angie C.,Injection date:,2024-04-23 13:50:52-04:00
Inj. volume:,0.000 ,Location:,
Acq. method:,calibration_method_iter7.amx,Type:,Sample
Processing method:,calibration_iter4.pmx,Sample amount:,0.00
Manually modified:,None
RT [min],Signal,Type,Area,Amount [],Conc. [],Name

Sample name:,sweep_hydrogen
Operator:,SYSTEM (SYSTEM),Data file:,sweep_hydrogen001-2024-04-23 13-53-33-04-00-r061.dx
Instrument:,Angie C.,Injection date:,2024-04-23 13:53:49-04:00
Inj. volume:,0.000 ,Location:,
Acq. method:,calibration_method_iter7.amx,Type:,Sample
Processing method:,calibration_iter4.pmx,Sample amount:,0.00
Manually modified:,None
RT [min],Signal,Type,Area,Amount [],Conc. [],Name

Sample name:,sweep_hydrogen
Operator:,SYSTEM (SYSTEM),Data file:,sweep_hydrogen001-2024-04-23 13-56-30-04-00-r062.dx
Instrument:,Angie C.,Injection date:,2024-04-23 13:56:44-04:00
Inj. volume:,0.000 ,Location:,
Acq. method:,calibration_method_iter7.amx,Type:,Sample
Processing method:,calibration_iter4.pmx,Sample amount:,0.00
Manually modified:,None
RT [min],Signal,Type,Area,Amount [ppm],Conc. [ppm],Name
1.196,TCD1A,VV  ,0.69438,7.927,7.927,hydrogen

Sample name:,sweep_hydrogen
Operator:,SYSTEM (SYSTEM),Data file:,sweep_hydrogen001-2024-04-23 13-59-27-04-00-r063.dx
Instrument:,Angie C.,Injection date:,2024-04-23 13:59:40-04:00
Inj. volume:,0.000 ,Location:,
Acq. method:,calibration_method_iter7.amx,Type:,Sample
Processing method:,calibration_iter4.pmx,Sample amount:,0.00
Manually modified:,None
RT [min],Signal,Type,Area,Amount [],Conc. [],Name

Sample name:,sweep_hydrogen
Operator:,SYSTEM (SYSTEM),Data file:,sweep_hydrogen001-2024-04-23 14-02-22-04-00-r064.dx
Instrument:,Angie C.,Injection date:,2024-04-23 14:02:34-04:00
Inj. volume:,0.000 ,Location:,
Acq. method:,calibration_method_iter7.amx,Type:,Sample
Processing method:,calibration_iter4.pmx,Sample amount:,0.00
Manually modified:,None
RT [min],Signal,Type,Area,Amount [],Conc. [],Name

Sample name:,sweep_hydrogen
Operator:,SYSTEM (SYSTEM),Data file:,sweep_hydrogen001-2024-04-23 14-05-15-04-00-r065.dx
Instrument:,Angie C.,Injection date:,2024-04-23 14:05:30-04:00
Inj. volume:,0.000 ,Location:,
Acq. method:,calibration_method_iter7.amx,Type:,Sample
Processing method:,calibration_iter4.pmx,Sample amount:,0.00
Manually modified:,None
RT [min],Signal,Type,Area,Amount [ppm],Conc. [ppm],Name
1.197,TCD1A,VV  ,0.58757,4.051,4.051,hydrogen

Sample name:,sweep_hydrogen
Operator:,SYSTEM (SYSTEM),Data file:,sweep_hydrogen001-2024-04-23 14-08-11-04-00-r066.dx
Instrument:,Angie C.,Injection date:,2024-04-23 14:08:24-04:00
Inj. volume:,0.000 ,Location:,
Acq. method:,calibration_method_iter7.amx,Type:,Sample
Processing method:,calibration_iter4.pmx,Sample amount:,0.00
Manually modified:,None
RT [min],Signal,Type,Area,Amount [ppm],Conc. [ppm],Name
1.191,TCD1A,VV  ,0.58755,4.050,4.050,hydrogen

Sample name:,sweep_hydrogen
Operator:,SYSTEM (SYSTEM),Data file:,sweep_hydrogen001-2024-04-23 14-11-04-04-00-r067.dx
Instrument:,Angie C.,Injection date:,2024-04-23 14:11:19-04:00
Inj. volume:,0.000 ,Location:,
Acq. method:,calibration_method_iter7.amx,Type:,Sample
Processing method:,calibration_iter4.pmx,Sample amount:,0.00
Manually modified:,None
RT [min],Signal,Type,Area,Amount [],Conc. [],Name

Sample name:,sweep_hydrogen
Operator:,SYSTEM (SYSTEM),Data file:,sweep_hydrogen001-2024-04-23 14-14-00-04-00-r068.dx
Instrument:,Angie C.,Injection date:,2024-04-23 14:14:14-04:00
Inj. volume:,0.000 ,Location:,
Acq. method:,calibration_method_iter7.amx,Type:,Sample
Processing method:,calibration_iter4.pmx,Sample amount:,0.00
Manually modified:,None
RT [min],Signal,Type,Area,Amount [ppm],Conc. [ppm],Name
1.190,TCD1A,BV  ,0.77896,10.997,10.997,hydrogen

Sample name:,sweep_hydrogen
Operator:,SYSTEM (SYSTEM),Data file:,sweep_hydrogen001-2024-04-23 14-16-56-04-00-r069.dx
Instrument:,Angie C.,Injection date:,2024-04-23 14:17:09-04:00
Inj. volume:,0.000 ,Location:,
Acq. method:,calibration_method_iter7.amx,Type:,Sample
Processing method:,calibration_iter4.pmx,Sample amount:,0.00
Manually modified:,None
RT [min],Signal,Type,Area,Amount [ppm],Conc. [ppm],Name
1.188,TCD1A,VV  ,0.92136,16.164,16.164,hydrogen

Sample name:,sweep_hydrogen
Operator:,SYSTEM (SYSTEM),Data file:,sweep_hydrogen001-2024-04-23 14-19-50-04-00-r070.dx
Instrument:,Angie C.,Injection date:,2024-04-23 14:20:04-04:00
Inj. volume:,0.000 ,Location:,
Acq. method:,calibration_method_iter7.amx,Type:,Sample
Processing method:,calibration_iter4.pmx,Sample amount:,0.00
Manually modified:,None
RT [min],Signal,Type,Area,Amount [],Conc. [],Name

Sample name:,sweep_hydrogen
Operator:,SYSTEM (SYSTEM),Data file:,sweep_hydrogen001-2024-04-23 14-22-45-04-00-r071.dx
Instrument:,Angie C.,Injection date:,2024-04-23 14:22:58-04:00
Inj. volume:,0.000 ,Location:,
Acq. method:,calibration_method_iter7.amx,Type:,Sample
Processing method:,calibration_iter4.pmx,Sample amount:,0.00
Manually modified:,None
RT [min],Signal,Type,Area,Amount [ppm],Conc. [ppm],Name
1.196,TCD1A,VV  ,0.70482,8.306,8.306,hydrogen

Sample name:,sweep_hydrogen
Operator:,SYSTEM (SYSTEM),Data file:,sweep_hydrogen001-2024-04-23 14-25-39-04-00-r072.dx
Instrument:,Angie C.,Injection date:,2024-04-23 14:25:54-04:00
Inj. volume:,0.000 ,Location:,
Acq. method:,calibration_method_iter7.amx,Type:,Sample
Processing method:,calibration_iter4.pmx,Sample amount:,0.00
Manually modified:,None
RT [min],Signal,Type,Area,Amount [],Conc. [],Name

Sample name:,sweep_hydrogen
Operator:,SYSTEM (SYSTEM),Data file:,sweep_hydrogen001-2024-04-23 14-28-34-04-00-r073.dx
Instrument:,Angie C.,Injection date:,2024-04-23 14:28:50-04:00
Inj. volume:,0.000 ,Location:,
Acq. method:,calibration_method_iter7.amx,Type:,Sample
Processing method:,calibration_iter4.pmx,Sample amount:,0.00
Manually modified:,None
RT [min],Signal,Type,Area,Amount [ppm],Conc. [ppm],Name
1.190,TCD1A,VV  ,0.65593,6.532,6.532,hydrogen

Sample name:,sweep_hydrogen
Operator:,SYSTEM (SYSTEM),Data file:,sweep_hydrogen001-2024-04-23 14-31-29-04-00-r074.dx
Instrument:,Angie C.,Injection date:,2024-04-23 14:31:45-04:00
Inj. volume:,0.000 ,Location:,
Acq. method:,calibration_method_iter7.amx,Type:,Sample
Processing method:,calibration_iter4.pmx,Sample amount:,0.00
Manually modified:,None
RT [min],Signal,Type,Area,Amount [ppm],Conc. [ppm],Name
1.191,TCD1A,VV  ,0.59544,4.336,4.336,hydrogen

Sample name:,sweep_hydrogen
Operator:,SYSTEM (SYSTEM),Data file:,sweep_hydrogen001-2024-04-23 14-34-24-04-00-r075.dx
Instrument:,Angie C.,Injection date:,2024-04-23 14:34:38-04:00
Inj. volume:,0.000 ,Location:,
Acq. method:,calibration_method_iter7.amx,Type:,Sample
Processing method:,calibration_iter4.pmx,Sample amount:,0.00
Manually modified:,None
RT [min],Signal,Type,Area,Amount [],Conc. [],Name

Sample name:,sweep_hydrogen
Operator:,SYSTEM (SYSTEM),Data file:,sweep_hydrogen001-2024-04-23 14-37-18-04-00-r076.dx
Instrument:,Angie C.,Injection date:,2024-04-23 14:37:33-04:00
Inj. volume:,0.000 ,Location:,
Acq. method:,calibration_method_iter7.amx,Type:,Sample
Processing method:,calibration_iter4.pmx,Sample amount:,0.00
Manually modified:,None
RT [min],Signal,Type,Area,Amount [],Conc. [],Name

Sample name:,sweep_hydrogen
Operator:,SYSTEM (SYSTEM),Data file:,snapshot-20240423 144047-sweep_hydrogen001-2024-04-23 14-40-14-04-00-r077.dx
Instrument:,Angie C.,Injection date:,2024-04-23 14:40:30-04:00
Inj. volume:,0.000 ,Location:,
Acq. method:,calibration_method_iter7.amx,Type:,Sample
Processing method:,calibration_iter4.pmx,Sample amount:,0.00
Manually modified:,None
RT [min],Signal,Type,Area,Amount [],Conc. [],Name

Method Summary
Processing method:,calibration_iter4.pmx
Method version:,2024-0419-1826-16589
Line#,Location,Sample  Name,Injection modified,Acq. Method,ACQ Method Version
1,,sweep_hydrogen,2024-04-23 14:41:04-04:00,calibration_method_iter7.amx,2024-0216-1622-53858
,,sweep_hydrogen,2024-04-23 14:41:04-04:00,calibration_method_iter7.amx,2024-0216-1622-53858
,,sweep_hydrogen,2024-04-23 14:41:04-04:00,calibration_method_iter7.amx,2024-0216-1622-53858
,,sweep_hydrogen,2024-04-23 14:41:04-04:00,calibration_method_iter7.amx,2024-0216-1622-53858
,,sweep_hydrogen,2024-04-23 14:41:04-04:00,calibration_method_iter7.amx,2024-0216-1622-53858
,,sweep_hydrogen,2024-04-23 14:41:04-04:00,calibration_method_iter7.amx,2024-0216-1622-53858
,,sweep_hydrogen,2024-04-23 14:41:04-04:00,calibration_method_iter7.amx,2024-0216-1622-53858
,,sweep_hydrogen,2024-04-23 14:41:04-04:00,calibration_method_iter7.amx,2024-0216-1622-53858
,,sweep_hydrogen,2024-04-23 14:41:04-04:00,calibration_method_iter7.amx,2024-0216-1622-53858
,,sweep_hydrogen,2024-04-23 14:41:04-04:00,calibration_method_iter7.amx,2024-0216-1622-53858
,,sweep_hydrogen,2024-04-23 14:41:04-04:00,calibration_method_iter7.amx,2024-0216-1622-53858
,,sweep_hydrogen,2024-04-23 14:41:04-04:00,calibration_method_iter7.amx,2024-0216-1622-53858
,,sweep_hydrogen,2024-04-23 14:41:04-04:00,calibration_method_iter7.amx,2024-0216-1622-53858
,,sweep_hydrogen,2024-04-23 14:41:04-04:00,calibration_method_iter7.amx,2024-0216-1622-53858
,,sweep_hydrogen,2024-04-23 14:41:04-04:00,calibration_method_iter7.amx,2024-0216-1622-53858
,,sweep_hydrogen,2024-04-23 14:41:04-04:00,calibration_method_iter7.amx,2024-0216-1622-53858
,,sweep_hydrogen,2024-04-23 14:41:04-04:00,calibration_method_iter7.amx,2024-0216-1622-53858
,,sweep_hydrogen,2024-04-23 14:41:04-04:00,calibration_method_iter7.amx,2024-0216-1622-53858
,,sweep_hydrogen,2024-04-23 14:41:04-04:00,calibration_method_iter7.amx,2024-0216-1622-53858
,,sweep_hydrogen,2024-04-23 14:41:04-04:00,calibration_method_iter7.amx,2024-0216-1622-53858
,,sweep_hydrogen,2024-04-23 14:41:04-04:00,calibration_method_iter7.amx,2024-0216-1622-53858
,,sweep_hydrogen,2024-04-23 14:41:04-04:00,calibration_method_iter7.amx,2024-0216-1622-53858
,,sweep_hydrogen,2024-04-23 14:41:04-04:00,calibration_method_iter7.amx,2024-0216-1622-53858
,,sweep_hydrogen,2024-04-23 14:41:04-04:00,calibration_method_iter7.amx,2024-0216-1622-53858
,,sweep_hydrogen,2024-04-23 14:41:04-04:00,calibration_method_iter7.amx,2024-0216-1622-53858
,,sweep_hydrogen,2024-04-23 14:41:04-04:00,calibration_method_iter7.amx,2024-0216-1622-53858
,,sweep_hydrogen,2024-04-23 14:41:04-04:00,calibration_method_iter7.amx,2024-0216-1622-53858
,,sweep_hydrogen,2024-04-23 14:41:04-04:00,calibration_method_iter7.amx,2024-0216-1622-53858
,,sweep_hydrogen,2024-04-23 14:41:04-04:00,calibration_method_iter7.amx,2024-0216-1622-53858
,,sweep_hydrogen,2024-04-23 14:41:04-04:00,calibration_method_iter7.amx,2024-0216-1622-53858
,,sweep_hydrogen,2024-04-23 14:41:04-04:00,calibration_method_iter7.amx,2024-0216-1622-53858
,,sweep_hydrogen,2024-04-23 14:41:04-04:00,calibration_method_iter7.amx,2024-0216-1622-53858
,,sweep_hydrogen,2024-04-23 14:41:04-04:00,calibration_method_iter7.amx,2024-0216-1622-53858
,,sweep_hydrogen,2024-04-23 14:41:04-04:00,calibration_method_iter7.amx,2024-0216-1622-53858
,,sweep_hydrogen,2024-04-23 14:41:04-04:00,calibration_method_iter7.amx,2024-0216-1622-53858
,,sweep_hydrogen,2024-04-23 14:41:04-04:00,calibration_method_iter7.amx,2024-0216-1622-53858
,,sweep_hydrogen,2024-04-23 14:41:04-04:00,calibration_method_iter7.amx,2024-0216-1622-53858
,,sweep_hydrogen,2024-04-23 14:41:04-04:00,calibration_method_iter7.amx,2024-0216-1622-53858
,,sweep_hydrogen,2024-04-23 14:41:04-04:00,calibration_method_iter7.amx,2024-0216-1622-53858
,,sweep_hydrogen,2024-04-23 14:41:04-04:00,calibration_method_iter7.amx,2024-0216-1622-53858
,,sweep_hydrogen,2024-04-23 14:41:04-04:00,calibration_method_iter7.amx,2024-0216-1622-53858
,,sweep_hydrogen,2024-04-23 14:41:04-04:00,calibration_method_iter7.amx,2024-0216-1622-53858
,,sweep_hydrogen,2024-04-23 14:41:04-04:00,calibration_method_iter7.amx,2024-0216-1622-53858
,,sweep_hydrogen,2024-04-23 14:41:04-04:00,calibration_method_iter7.amx,2024-0216-1622-53858
,,sweep_hydrogen,2024-04-23 14:41:04-04:00,calibration_method_iter7.amx,2024-0216-1622-53858
,,sweep_hydrogen,2024-04-23 14:41:04-04:00,calibration_method_iter7.amx,2024-0216-1622-53858
,,sweep_hydrogen,2024-04-23 14:41:04-04:00,calibration_method_iter7.amx,2024-0216-1622-53858
,,sweep_hydrogen,2024-04-23 14:41:04-04:00,calibration_method_iter7.amx,2024-0216-1622-53858
,,sweep_hydrogen,2024-04-23 14:41:04-04:00,calibration_method_iter7.amx,2024-0216-1622-53858
,,sweep_hydrogen,2024-04-23 14:41:04-04:00,calibration_method_iter7.amx,2024-0216-1622-53858
,,sweep_hydrogen,2024-04-23 14:41:04-04:00,calibration_method_iter7.amx,2024-0216-1622-53858
,,sweep_hydrogen,2024-04-23 14:41:04-04:00,calibration_method_iter7.amx,2024-0216-1622-53858
,,sweep_hydrogen,2024-04-23 14:41:04-04:00,calibration_method_iter7.amx,2024-0216-1622-53858
,,sweep_hydrogen,2024-04-23 14:41:04-04:00,calibration_method_iter7.amx,2024-0216-1622-53858
,,sweep_hydrogen,2024-04-23 14:41:04-04:00,calibration_method_iter7.amx,2024-0216-1622-53858
,,sweep_hydrogen,2024-04-23 14:41:04-04:00,calibration_method_iter7.amx,2024-0216-1622-53858
,,sweep_hydrogen,2024-04-23 14:41:04-04:00,calibration_method_iter7.amx,2024-0216-1622-53858
,,sweep_hydrogen,2024-04-23 14:41:04-04:00,calibration_method_iter7.amx,2024-0216-1622-53858
,,sweep_hydrogen,2024-04-23 14:41:04-04:00,calibration_method_iter7.amx,2024-0216-1622-53858
,,sweep_hydrogen,2024-04-23 14:41:04-04:00,calibration_method_iter7.amx,2024-0216-1622-53858
,,sweep_hydrogen,2024-04-23 14:41:04-04:00,calibration_method_iter7.amx,2024-0216-1622-53858
,,sweep_hydrogen,2024-04-23 14:41:04-04:00,calibration_method_iter7.amx,2024-0216-1622-53858
,,sweep_hydrogen,2024-04-23 14:41:04-04:00,calibration_method_iter7.amx,2024-0216-1622-53858
,,sweep_hydrogen,2024-04-23 14:41:04-04:00,calibration_method_iter7.amx,2024-0216-1622-53858
,,sweep_hydrogen,2024-04-23 14:41:04-04:00,calibration_method_iter7.amx,2024-0216-1622-53858
,,sweep_hydrogen,2024-04-23 14:41:04-04:00,calibration_method_iter7.amx,2024-0216-1622-53858
,,sweep_hydrogen,2024-04-23 14:41:04-04:00,calibration_method_iter7.amx,2024-0216-1622-53858
,,sweep_hydrogen,2024-04-23 14:41:04-04:00,calibration_method_iter7.amx,2024-0216-1622-53858
,,sweep_hydrogen,2024-04-23 14:41:04-04:00,calibration_method_iter7.amx,2024-0216-1622-53858
,,sweep_hydrogen,2024-04-23 14:41:04-04:00,calibration_method_iter7.amx,2024-0216-1622-53858
,,sweep_hydrogen,2024-04-23 14:41:04-04:00,calibration_method_iter7.amx,2024-0216-1622-53858
,,sweep_hydrogen,2024-04-23 14:41:04-04:00,calibration_method_iter7.amx,2024-0216-1622-53858
,,sweep_hydrogen,2024-04-23 14:41:04-04:00,calibration_method_iter7.amx,2024-0216-1622-53858
,,sweep_hydrogen,2024-04-23 14:41:04-04:00,calibration_method_iter7.amx,2024-0216-1622-53858
,,sweep_hydrogen,2024-04-23 14:41:04-04:00,calibration_method_iter7.amx,2024-0216-1622-53858
,,sweep_hydrogen,2024-04-23 14:41:04-04:00,calibration_method_iter7.amx,2024-0216-1622-53858
,,sweep_hydrogen,2024-04-23 14:41:04-04:00,calibration_method_iter7.amx,2024-0216-1622-53858
Calibration standard statistics:
Compound:,hydrogen,Signal:,TCD1A
Statistic results not available
Sample statistics:
Compound:,hydrogen,Signal:,TCD1A
Line#,Injection Acquired Date,Sample Name,Location,Inj#,Type,RT [min],Amount [ppm],Concentration [ppm],Area
1,2024-04-23 13:12:58-04:00,sweep_hydrogen,,47,VV  ,1.196,3.1804,3.1804,0.564
1,2024-04-23 13:15:52-04:00,sweep_hydrogen,,48,BV  ,1.193,4.9991,4.9991,0.614
1,2024-04-23 13:18:45-04:00,sweep_hydrogen,,49,VV  ,1.195,8.7434,8.7434,0.717
1,2024-04-23 13:21:40-04:00,sweep_hydrogen,,50,VB  ,1.192,5.1181,5.1181,0.617
1,2024-04-23 13:24:37-04:00,sweep_hydrogen,,51,VV  ,1.199,3.9913,3.9913,0.586
1,2024-04-23 13:27:32-04:00,sweep_hydrogen,,52,BV  ,1.192,5.2429,5.2429,0.620
1,2024-04-23 13:30:27-04:00,sweep_hydrogen,,53,VV  ,1.196,10.5945,10.5945,0.768
1,2024-04-23 13:33:24-04:00,sweep_hydrogen,,54,VV  ,1.190,5.9804,5.9804,0.641
1,2024-04-23 13:36:19-04:00,sweep_hydrogen,,55,BV  ,1.193,7.6484,7.6484,0.687
1,2024-04-23 13:42:08-04:00,sweep_hydrogen,,57,VB  ,1.190,2.9051,2.9051,0.556
1,2024-04-23 13:45:02-04:00,sweep_hydrogen,,58,BV  ,1.195,7.9432,7.9432,0.695
1,2024-04-23 13:56:44-04:00,sweep_hydrogen,,62,VV  ,1.196,7.9271,7.9271,0.694
1,2024-04-23 14:05:30-04:00,sweep_hydrogen,,65,VV  ,1.197,4.0511,4.0511,0.588
1,2024-04-23 14:08:24-04:00,sweep_hydrogen,,66,VV  ,1.191,4.0503,4.0503,0.588
1,2024-04-23 14:14:14-04:00,sweep_hydrogen,,68,BV  ,1.190,10.9967,10.9967,0.779
1,2024-04-23 14:17:09-04:00,sweep_hydrogen,,69,VV  ,1.188,16.1645,16.1645,0.921
1,2024-04-23 14:22:58-04:00,sweep_hydrogen,,71,VV  ,1.196,8.3061,8.3061,0.705
1,2024-04-23 14:28:50-04:00,sweep_hydrogen,,73,VV  ,1.190,6.5316,6.5316,0.656
1,2024-04-23 14:31:45-04:00,sweep_hydrogen,,74,VV  ,1.191,4.3364,4.3364,0.595
,,,,,Average,1.193,6.7742,6.7742,0.663
,,,,,Standard Deviation,0.003,3.2966,3.2966,0.091
,,,,,RSD,0.256,48.6645,48.6645,13.709

Acquisition method:

Acquisition Method:,calibration_method_iter7.amx
Path:,C:\CDSProjects\HYPERION\Results\dry runs\dry_run_2024-04-23 10-58-32-04-00.rslt
1,Method Information
Last Saved As:,C:\CDSProjects\HYPERION\Methods\calibration_method_iter7.amx,Modified:,2024-04-05 10:07:46-04:00,Modifier:,SYSTEM (SYSTEM)
Created:,2024-02-16 11:22:53-05:00,Creator:,SYSTEM (SYSTEM),Description:,
Version:,2024-0216-1622-53858,Method Status:,Generic
2,GC
Module Display Name:,Agilent 8890,Module Type:,GC,Order:,1
2.1,GC Summary
Run Time:,2.5 min,Post Run Time:,0 min
2.2,Oven
Equilibration Time:,0 min,Max Temperature:,275 C,Maximum Temperature Override:,Enabled
Slow Fan:,Disabled
2.2.1,Temperature
Setpoint:,On,(Initial):,50 C,Hold Time:,2.5 min
Post Run:,0 C
2.3,Column
Column Outlet Pressure:,0 psi
2.3.1,Column #1
Column Information:,Agilent G3591-81022,Description:,MolSieve 5A,Temperature Range:,-1 C281 C (281 C)
Packed:,,Heater:,Oven,Column lock:,Unlocked
In:,PCM A ArMe,Out:,Front Detector TCD,Control Mode:,Constant Flow
2.3.1.1,Flow
Setpoint:,On,(Initial):,0 mL/min,Post Run:,1.1032E+06 mL/min
2.3.2,Column #2
Column Information:,Agilent G3591-81023,Description:,HayeSep Q,Temperature Range:,-1 C281 C (281 C)
Packed:,,Heater:,Oven,Column lock:,Unlocked
In:,PCM A ArMe,Out:,Other,Control Mode:,Constant Flow
2.3.2.1,Flow
Setpoint:,On,(Initial):,0 mL/min,Post Run:,1.1032E+06 mL/min
2.4,Front Detector TCD
Makeup:,N2,Heater:,On    150 C,Reference Flow:,On    10 mL/min
Makeup Flow:,On    5 mL/min,Carrier Gas Flow Correction:,Constant Makeup Flow,Filament:,On
Negative Polarity:,On,Blank Evaluation Setpoints:,,Perform Blank Evaluation Test:,Off
2.5,Detector Evaluation
Perform Detector Evaluation Test:,Off
2.6,Peak Evaluation
Perform Peak Evaluation Test:,Off
2.7,Valve 1
Switching Valve:,Off
2.8,Valve 10
Other:,Off
2.9,PCM A
2.9.1,PCM A ArMe
PCM A ArMe:,Supplies Column 1
2.9.2,Aux PCM A ArMe
Control Mode:,Forward Pressure,Aux PCM A ArMe:,(unused)
2.9.2.1,Pressure
Setpoint:,On,(Initial):,27 psi
2.10,Valve Box
Heater:,On    100 C
2.11,Signals
2.11.1,Signal #1:  Front Signal
Description:,Front Signal,Details:,Front Signal (TCD),Save:,On
Data Rate:,50 Hz,Dual Injection Assignment:,Front Sample,Zero Signal:,Zero @ 0 min
2.11.2,Signal #2: 
Description:,None
2.11.3,Signal #3: 
Description:,None
2.11.4,Signal #4: 
Description:,None
2.11.5,Signal #5: 
Description:,None
2.11.6,Signal #6: 
Description:,None
2.11.7,Signal #7: 
Description:,None
2.11.8,Signal #8: 
Description:,None
2.12,Run Time Events
Run Time Events
Time,Event,Position,Setpoint
0.1 min,Valve,Valve 1,On
1.5 min,Valve,Valve 1,Off
3,Method Properties
Instrument Technique:,Gas Chromatography
4,Schema version
Schema version:,2.3
Method Audit Trail
Method audit trail is not printed
Processing method:
Data Analysis Method:,calibration_iter4.pmx
Path:,C:\CDSProjects\HYPERION\Results\dry runs\dry_run_2024-04-23 10-58-32-04-00.rslt
1,Method Information
Last Saved As:,C:\CDSProjects\HYPERION\Results\dry runs\dry_run_2024-04-23 10-58-32-04-00.rslt\calibration_iter4.pmx,Modified:,2024-04-19 14:26:16-04:00,Modifier:,SYSTEM (SYSTEM)
Created:,2024-04-19 14:26:16-04:00,Creator:,SYSTEM (SYSTEM),Description:,
Version:,2024-0419-1826-16589,Method Status:,Generic,Type:,GC/LC Quantitative
2,Method Parameters
2.1,Signals
2.1.1,Blank Subtraction
Blank subtraction:,None,Used blank:,Defined in sequence,Specific blank path:,
Specific blank:,,Subtract blank if data rates are different:,No,Signal matching mode:,Perform blank subtraction if signal names match
2.1.2,Scaling
From time:,min,To time:,min,Use time axis:,No
From response:,,To response:,,Use response axis:,No
2.1.3,Chromatogram Smoothing
Smoothing algorithm:,None
2.2,ChemStation integrator
2.2.1,ChemStation integrator parameters
Tangent skim mode:,Standard,Baseline correction:,Advanced,Front peak skim height ratio:,0.00
Tail peak skim height ratio:,0.00,Skim valley ratio:,20.00,Peak to valley ratio:,500.00
2.2.1.1,Initial timed events
Use,Time,Event,Value
Yes,0.000 min,Slope sensitivity,1
Yes,0.000 min,Peak width,0.02
Yes,0.000 min,Area reject,0.5
Yes,0.000 min,Height reject,0.2
Yes,0.000 min,Shoulders mode,Off
Yes,0.000 min,Area% reject,0
2.3,Compound parameters
Include ISTD Amount:,No,Is normalized:,No,Apply correction factors to normalized concentrations:,No
Level count:,5,ISTD method:,No,Use time reference compounds:,No
Use RRT reference compounds:,No,Norm amount:,100.0,Norm amount unit:,%
Response factor calculation mode:,Response per amount,Use individual points:,No,Concentration calculation:,Amount * Multipliers * Dil. factor
Calculate mass %:,No,Allow level specific ISTD amounts:,No,Qualifier count:,2
Qualifier RT Window:,0.010 min,Qualifier response window:,20.0 percent,Response Window Type:,Relative
2.3.1,Expected compounds
2.3.1.1,Expected compound settings
Name:,hydrogen,Signal:,TCD1A,Exp. RT:,1.200 min
Absolute RT window:,0.000 min,Relative RT window:,5.000 percent,RT update:,Never
RT update factor:,50.000 percent,Factor:,1.000,Associated time ref.:,
Associated RRT reference:,,Relative retention time:,,Peak match:,Closest
Response Window Type:,Relative,Role:,None,Amount unit:,ppm
Concentration unit:,ppm,Use in normalization:,Yes,Multiplier:,1.00000
Response:,Area,Associated ISTD:,,ISTD amount:,
Calibration curve:,,Mode:,Curve,Weighting method:,None
Curve reference:,,Ref. correction:,1.00000,Curve model:,Linear
Origin:,Include,Response scaling:,None,Calibration amounts:,"49.50000, 486.00000, 1992.00000, 29100.00000"
Digits per level:,9,Sensitivity:,50,UV spectrum:,No
MS reference spectrum:,No
2.4,System Suitability
EP:,No,Column performance:,None,JP:,No
USP:,No,Signal to noise:,None,Noise calculation:,P2P
Use blank reference for noise:,on blank,Use blank reference for relative noise:,on blank,Calculate noise before or after peak:,before peak start
Range mode for Noise Selection:,Automatic,Noise range end time:,0.60,Noise range start time:,0.50
Noise range relative end time:,0.40,Noise range relative start time:,0.00,Overwrite column parameters:,No
Tangent calculation mode:,Standard
2.5,Custom calculations
Last imported file:,,Embedded file:,No,Created by:,
Creation date:,,Last modified by:,,Last modified date:,
File version:,,Custom calculations file:,
2.6,Reporting parameters
Use time axis:,No,Use response axis:,No,From time:,
To time:,,From response:,,To response:,
2.6.1,General reporting parameters
Row ID,Report #,Report template,Report file name,Report for sample types,Do print,Printer name,Do create file,Copy report location
1,1,calibration_report.rdl,<DX>_<R>,All sample types,No,Local Printer,Yes,Windows file system
2,2,SequenceSummary_Extended_Letter.rdl,<DX>_<R>_long,All sample types,No,Local Printer,Yes,Windows file system
Row ID,Report copy folder,Report selected signals,Report file type
1,C:\CDSProjects\HYPERION\Reports\,All signals,"pdf, csv, txt"
2,C:\CDSProjects\HYPERION\Reports\,All signals,"pdf, csv, txt"
3,Calibration curves
Calibration curves modification dates
Compound,Signal,Modification date
hydrogen,TCD1A,2024-04-19 14:18:59-04:00
Method Audit Trail
Method audit trail is not printed
